Date,Open,High,Low,Close,Volume,Dividends,Stock Splits
2012-10-12 00:00:00-04:00,48.04999923706055,51.369998931884766,45.04999923706055,48.689998626708984,18132800,0.0,0.0
2012-10-15 00:00:00-04:00,48.7400016784668,53.0,48.599998474121094,51.939998626708984,3091900,0.0,0.0
2012-10-16 00:00:00-04:00,53.4900016784668,53.5,51.90999984741211,52.15999984741211,805200,0.0,0.0
2012-10-17 00:00:00-04:00,52.02000045776367,57.209999084472656,52.0,55.40999984741211,1386400,0.0,0.0
2012-10-18 00:00:00-04:00,55.08000183105469,55.099998474121094,50.869998931884766,53.41999816894531,1523300,0.0,0.0
2012-10-19 00:00:00-04:00,52.33000183105469,55.58000183105469,51.529998779296875,55.25,1442200,0.0,0.0
2012-10-22 00:00:00-04:00,55.58000183105469,56.220001220703125,54.11000061035156,55.400001525878906,478200,0.0,0.0
2012-10-23 00:00:00-04:00,55.369998931884766,55.5099983215332,54.13999938964844,54.380001068115234,386300,0.0,0.0
2012-10-24 00:00:00-04:00,54.0099983215332,54.25,51.86000061035156,52.119998931884766,469600,0.0,0.0
2012-10-25 00:00:00-04:00,53.33000183105469,53.33000183105469,48.599998474121094,49.2400016784668,800600,0.0,0.0
2012-10-26 00:00:00-04:00,49.650001525878906,50.5,48.20000076293945,50.0,484600,0.0,0.0
2012-10-31 00:00:00-04:00,51.0,51.029998779296875,48.09000015258789,48.5,400900,0.0,0.0
2012-11-01 00:00:00-04:00,49.099998474121094,49.65999984741211,48.18000030517578,48.91999816894531,305900,0.0,0.0
2012-11-02 00:00:00-04:00,50.7400016784668,50.7400016784668,48.29999923706055,48.52000045776367,178900,0.0,0.0
2012-11-05 00:00:00-05:00,49.97999954223633,50.0,48.7400016784668,49.880001068115234,310200,0.0,0.0
2012-11-06 00:00:00-05:00,48.529998779296875,50.33000183105469,48.25,48.540000915527344,509900,0.0,0.0
2012-11-07 00:00:00-05:00,48.43000030517578,48.709999084472656,46.81999969482422,48.06999969482422,284100,0.0,0.0
2012-11-08 00:00:00-05:00,49.25,49.68000030517578,47.689998626708984,49.04999923706055,278600,0.0,0.0
2012-11-09 00:00:00-05:00,49.599998474121094,49.599998474121094,47.599998474121094,48.0,120400,0.0,0.0
2012-11-12 00:00:00-05:00,47.470001220703125,47.68000030517578,46.380001068115234,46.9900016784668,274800,0.0,0.0
2012-11-13 00:00:00-05:00,46.209999084472656,47.27000045776367,46.0,46.9900016784668,279200,0.0,0.0
2012-11-14 00:00:00-05:00,46.77000045776367,48.5,46.75,47.380001068115234,267200,0.0,0.0
2012-11-15 00:00:00-05:00,48.11000061035156,48.619998931884766,47.06999969482422,47.939998626708984,371800,0.0,0.0
2012-11-16 00:00:00-05:00,47.5,48.95000076293945,47.400001525878906,48.849998474121094,194200,0.0,0.0
2012-11-19 00:00:00-05:00,49.95000076293945,49.95000076293945,48.91999816894531,49.61000061035156,216200,0.0,0.0
2012-11-20 00:00:00-05:00,49.86000061035156,51.0,49.619998931884766,50.709999084472656,314900,0.0,0.0
2012-11-21 00:00:00-05:00,51.04999923706055,52.099998474121094,51.04999923706055,51.95000076293945,441300,0.0,0.0
2012-11-23 00:00:00-05:00,52.459999084472656,52.459999084472656,50.43000030517578,50.790000915527344,148800,0.0,0.0
2012-11-26 00:00:00-05:00,50.79999923706055,51.75,50.0,50.81999969482422,341700,0.0,0.0
2012-11-27 00:00:00-05:00,51.0,53.189998626708984,50.72999954223633,51.849998474121094,852500,0.0,0.0
2012-11-28 00:00:00-05:00,51.04999923706055,53.220001220703125,49.02000045776367,53.189998626708984,1223800,0.0,0.0
2012-11-29 00:00:00-05:00,53.13999938964844,53.68000030517578,49.619998931884766,51.70000076293945,1467500,0.0,0.0
2012-11-30 00:00:00-05:00,51.970001220703125,51.9900016784668,49.599998474121094,50.099998474121094,584200,0.0,0.0
2012-12-03 00:00:00-05:00,50.099998474121094,51.33000183105469,49.2599983215332,50.099998474121094,621800,0.0,0.0
2012-12-04 00:00:00-05:00,49.59000015258789,49.88999938964844,48.70000076293945,49.70000076293945,346100,0.0,0.0
2012-12-05 00:00:00-05:00,49.75,49.900001525878906,48.2400016784668,48.29999923706055,370400,0.0,0.0
2012-12-06 00:00:00-05:00,48.9900016784668,48.9900016784668,47.7400016784668,48.400001525878906,163500,0.0,0.0
2012-12-07 00:00:00-05:00,48.849998474121094,51.33000183105469,48.5,51.20000076293945,680600,0.0,0.0
2012-12-10 00:00:00-05:00,51.880001068115234,52.5,49.779998779296875,51.5,612400,0.0,0.0
2012-12-11 00:00:00-05:00,51.779998779296875,52.84000015258789,50.400001525878906,51.689998626708984,445500,0.0,0.0
2012-12-12 00:00:00-05:00,52.0,53.02000045776367,51.34000015258789,51.400001525878906,326600,0.0,0.0
2012-12-13 00:00:00-05:00,51.599998474121094,51.599998474121094,50.20000076293945,50.27000045776367,156200,0.0,0.0
2012-12-14 00:00:00-05:00,50.0,50.970001220703125,49.939998626708984,50.47999954223633,158500,0.0,0.0
2012-12-17 00:00:00-05:00,50.38999938964844,51.04999923706055,50.099998474121094,50.939998626708984,148700,0.0,0.0
2012-12-18 00:00:00-05:00,51.119998931884766,53.40999984741211,50.02000045776367,53.38999938964844,517200,0.0,0.0
2012-12-19 00:00:00-05:00,53.5,57.099998474121094,52.650001525878906,55.130001068115234,1444500,0.0,0.0
2012-12-20 00:00:00-05:00,55.0,56.900001525878906,52.7400016784668,56.15999984741211,799800,0.0,0.0
2012-12-21 00:00:00-05:00,54.939998626708984,56.2599983215332,54.0,55.95000076293945,1955300,0.0,0.0
2012-12-24 00:00:00-05:00,55.689998626708984,56.25,54.130001068115234,56.16999816894531,109300,0.0,0.0
2012-12-26 00:00:00-05:00,55.959999084472656,56.5,54.16999816894531,54.529998779296875,307700,0.0,0.0
2012-12-27 00:00:00-05:00,54.79999923706055,55.099998474121094,53.04999923706055,54.0,356500,0.0,0.0
2012-12-28 00:00:00-05:00,53.900001525878906,54.099998474121094,53.08000183105469,53.540000915527344,161200,0.0,0.0
2012-12-31 00:00:00-05:00,53.22999954223633,54.97999954223633,52.9900016784668,54.5,446500,0.0,0.0
2013-01-02 00:00:00-05:00,54.97999954223633,56.470001220703125,52.5099983215332,52.90999984741211,1103500,0.0,0.0
2013-01-03 00:00:00-05:00,52.7400016784668,53.61000061035156,52.02000045776367,52.29999923706055,433800,0.0,0.0
2013-01-04 00:00:00-05:00,52.25,53.11000061035156,51.79999923706055,52.189998626708984,547800,0.0,0.0
2013-01-07 00:00:00-05:00,51.95000076293945,52.349998474121094,51.61000061035156,52.16999816894531,348700,0.0,0.0
2013-01-08 00:00:00-05:00,52.09000015258789,52.189998626708984,51.22999954223633,51.869998931884766,400100,0.0,0.0
2013-01-09 00:00:00-05:00,52.060001373291016,53.439998626708984,51.5,52.75,319000,0.0,0.0
2013-01-10 00:00:00-05:00,53.290000915527344,53.400001525878906,51.790000915527344,53.20000076293945,404800,0.0,0.0
2013-01-11 00:00:00-05:00,53.18000030517578,53.310001373291016,52.06999969482422,52.790000915527344,405000,0.0,0.0
2013-01-14 00:00:00-05:00,52.56999969482422,52.86000061035156,50.790000915527344,51.2599983215332,521900,0.0,0.0
2013-01-15 00:00:00-05:00,51.20000076293945,51.47999954223633,50.529998779296875,51.040000915527344,283800,0.0,0.0
2013-01-16 00:00:00-05:00,50.97999954223633,51.939998626708984,50.779998779296875,51.54999923706055,197200,0.0,0.0
2013-01-17 00:00:00-05:00,51.90999984741211,52.119998931884766,50.939998626708984,50.95000076293945,421200,0.0,0.0
2013-01-18 00:00:00-05:00,50.7400016784668,51.34000015258789,50.33000183105469,50.38999938964844,163400,0.0,0.0
2013-01-22 00:00:00-05:00,50.380001068115234,51.4900016784668,50.040000915527344,50.630001068115234,312400,0.0,0.0
2013-01-23 00:00:00-05:00,50.189998626708984,52.13999938964844,50.189998626708984,51.93000030517578,744200,0.0,0.0
2013-01-24 00:00:00-05:00,52.0,54.130001068115234,51.689998626708984,53.15999984741211,462400,0.0,0.0
2013-01-25 00:00:00-05:00,53.029998779296875,54.439998626708984,52.38999938964844,54.38999938964844,315500,0.0,0.0
2013-01-28 00:00:00-05:00,54.38999938964844,56.900001525878906,53.72999954223633,56.5,386000,0.0,0.0
2013-01-29 00:00:00-05:00,54.599998474121094,56.45000076293945,54.0099983215332,55.93000030517578,389800,0.0,0.0
2013-01-30 00:00:00-05:00,55.029998779296875,55.880001068115234,53.15999984741211,53.2400016784668,384300,0.0,0.0
2013-01-31 00:00:00-05:00,53.84000015258789,54.220001220703125,52.31999969482422,53.41999816894531,347900,0.0,0.0
2013-02-01 00:00:00-05:00,53.9900016784668,54.880001068115234,53.040000915527344,53.52000045776367,308100,0.0,0.0
2013-02-04 00:00:00-05:00,52.720001220703125,53.29999923706055,52.13999938964844,52.61000061035156,277600,0.0,0.0
2013-02-05 00:00:00-05:00,52.2400016784668,52.93000030517578,51.869998931884766,52.0099983215332,270000,0.0,0.0
2013-02-06 00:00:00-05:00,52.0099983215332,52.189998626708984,51.709999084472656,51.9900016784668,324300,0.0,0.0
2013-02-07 00:00:00-05:00,51.869998931884766,51.9900016784668,51.08000183105469,51.08000183105469,189300,0.0,0.0
2013-02-08 00:00:00-05:00,51.25,51.65999984741211,50.84000015258789,50.869998931884766,254100,0.0,0.0
2013-02-11 00:00:00-05:00,51.0,51.34000015258789,50.84000015258789,50.880001068115234,310400,0.0,0.0
2013-02-12 00:00:00-05:00,50.86000061035156,52.45000076293945,50.560001373291016,51.54999923706055,434900,0.0,0.0
2013-02-13 00:00:00-05:00,51.709999084472656,52.20000076293945,51.529998779296875,51.540000915527344,241700,0.0,0.0
2013-02-14 00:00:00-05:00,51.86000061035156,51.869998931884766,50.689998626708984,51.0,410800,0.0,0.0
2013-02-15 00:00:00-05:00,51.220001220703125,51.41999816894531,50.2599983215332,50.439998626708984,436500,0.0,0.0
2013-02-19 00:00:00-05:00,50.66999816894531,51.540000915527344,50.40999984741211,51.369998931884766,307400,0.0,0.0
2013-02-20 00:00:00-05:00,51.45000076293945,55.68000030517578,51.45000076293945,54.310001373291016,1431400,0.0,0.0
2013-02-21 00:00:00-05:00,54.59000015258789,55.470001220703125,54.060001373291016,55.13999938964844,649800,0.0,0.0
2013-02-22 00:00:00-05:00,55.13999938964844,55.93000030517578,54.54999923706055,55.25,294800,0.0,0.0
2013-02-25 00:00:00-05:00,55.27000045776367,56.349998474121094,55.06999969482422,55.9900016784668,352100,0.0,0.0
2013-02-26 00:00:00-05:00,55.72999954223633,56.18000030517578,55.400001525878906,55.65999984741211,433100,0.0,0.0
2013-02-27 00:00:00-05:00,55.540000915527344,56.900001525878906,55.540000915527344,55.900001525878906,221000,0.0,0.0
2013-02-28 00:00:00-05:00,55.66999816894531,56.08000183105469,54.189998626708984,55.290000915527344,320200,0.0,0.0
2013-03-01 00:00:00-05:00,55.29999923706055,57.939998626708984,54.7599983215332,57.619998931884766,453300,0.0,0.0
2013-03-04 00:00:00-05:00,57.70000076293945,62.13999938964844,57.5,61.720001220703125,1766900,0.0,0.0
2013-03-05 00:00:00-05:00,62.290000915527344,64.08000183105469,62.04999923706055,63.93000030517578,985800,0.0,0.0
2013-03-06 00:00:00-05:00,63.95000076293945,64.9000015258789,63.0099983215332,64.54000091552734,820800,0.0,0.0
2013-03-07 00:00:00-05:00,64.52999877929688,65.0,60.650001525878906,61.630001068115234,1525100,0.0,0.0
2013-03-08 00:00:00-05:00,60.25,64.7300033569336,59.619998931884766,62.5,1789000,0.0,0.0
2013-03-11 00:00:00-04:00,62.880001068115234,62.88999938964844,61.83000183105469,61.93000030517578,508200,0.0,0.0
2013-03-12 00:00:00-04:00,62.290000915527344,62.63999938964844,61.59000015258789,62.29999923706055,532000,0.0,0.0
2013-03-13 00:00:00-04:00,62.58000183105469,63.119998931884766,62.20000076293945,62.779998779296875,381800,0.0,0.0
2013-03-14 00:00:00-04:00,63.06999969482422,63.52000045776367,62.81999969482422,63.2599983215332,282600,0.0,0.0
2013-03-15 00:00:00-04:00,63.2599983215332,63.400001525878906,62.88999938964844,63.15999984741211,824500,0.0,0.0
2013-03-18 00:00:00-04:00,62.84000015258789,62.84000015258789,62.040000915527344,62.4900016784668,366300,0.0,0.0
2013-03-19 00:00:00-04:00,62.36000061035156,62.68000030517578,59.709999084472656,60.369998931884766,654500,0.0,0.0
2013-03-20 00:00:00-04:00,60.2400016784668,61.029998779296875,60.0,60.31999969482422,387000,0.0,0.0
2013-03-21 00:00:00-04:00,59.900001525878906,61.810001373291016,59.810001373291016,61.11000061035156,492700,0.0,0.0
2013-03-22 00:00:00-04:00,61.5,63.29999923706055,61.060001373291016,62.4900016784668,434800,0.0,0.0
2013-03-25 00:00:00-04:00,62.689998626708984,63.0,61.650001525878906,62.43000030517578,413400,0.0,0.0
2013-03-26 00:00:00-04:00,62.27000045776367,62.279998779296875,60.81999969482422,61.25,494600,0.0,0.0
2013-03-27 00:00:00-04:00,61.29999923706055,62.11000061035156,60.90999984741211,61.61000061035156,205000,0.0,0.0
2013-03-28 00:00:00-04:00,62.08000183105469,62.369998931884766,60.869998931884766,61.630001068115234,350500,0.0,0.0
2013-04-01 00:00:00-04:00,61.560001373291016,61.599998474121094,60.810001373291016,61.27000045776367,929800,0.0,0.0
2013-04-02 00:00:00-04:00,60.93000030517578,62.47999954223633,60.93000030517578,61.59000015258789,259300,0.0,0.0
2013-04-03 00:00:00-04:00,61.459999084472656,61.459999084472656,58.77000045776367,59.060001373291016,748300,0.0,0.0
2013-04-04 00:00:00-04:00,58.93000030517578,58.93000030517578,57.310001373291016,58.59000015258789,803400,0.0,0.0
2013-04-05 00:00:00-04:00,58.0,59.97999954223633,57.0099983215332,58.04999923706055,755800,0.0,0.0
2013-04-08 00:00:00-04:00,57.7599983215332,60.060001373291016,57.7599983215332,59.68000030517578,1028600,0.0,0.0
2013-04-09 00:00:00-04:00,59.45000076293945,59.529998779296875,58.0099983215332,58.54999923706055,956000,0.0,0.0
2013-04-10 00:00:00-04:00,56.220001220703125,59.099998474121094,55.25,58.83000183105469,15512000,0.0,0.0
2013-04-11 00:00:00-04:00,58.220001220703125,60.16999816894531,58.09000015258789,60.060001373291016,3933500,0.0,0.0
2013-04-12 00:00:00-04:00,60.0,61.9900016784668,59.5,61.29999923706055,2838100,0.0,0.0
2013-04-15 00:00:00-04:00,60.439998626708984,60.75,59.130001068115234,59.45000076293945,1099600,0.0,0.0
2013-04-16 00:00:00-04:00,59.290000915527344,60.20000076293945,59.25,60.0,713400,0.0,0.0
2013-04-17 00:00:00-04:00,60.0,60.189998626708984,58.560001373291016,58.9900016784668,751100,0.0,0.0
2013-04-18 00:00:00-04:00,58.83000183105469,59.11000061035156,57.5,57.68000030517578,864000,0.0,0.0
2013-04-19 00:00:00-04:00,57.9900016784668,59.18000030517578,56.619998931884766,58.709999084472656,873200,0.0,0.0
2013-04-22 00:00:00-04:00,58.560001373291016,58.720001220703125,57.130001068115234,58.150001525878906,637700,0.0,0.0
2013-04-23 00:00:00-04:00,59.15999984741211,59.93000030517578,58.58000183105469,59.439998626708984,1025600,0.0,0.0
2013-04-24 00:00:00-04:00,59.560001373291016,59.560001373291016,58.439998626708984,58.83000183105469,460800,0.0,0.0
2013-04-25 00:00:00-04:00,58.939998626708984,62.5,57.0,60.810001373291016,2346300,0.0,0.0
2013-04-26 00:00:00-04:00,60.29999923706055,62.119998931884766,59.900001525878906,61.91999816894531,1684500,0.0,0.0
2013-04-29 00:00:00-04:00,61.650001525878906,64.29000091552734,61.31999969482422,63.34000015258789,1004100,0.0,0.0
2013-04-30 00:00:00-04:00,63.209999084472656,63.34000015258789,62.060001373291016,62.650001525878906,747500,0.0,0.0
2013-05-01 00:00:00-04:00,62.31999969482422,62.65999984741211,61.45000076293945,61.619998931884766,733700,0.0,0.0
2013-05-02 00:00:00-04:00,61.47999954223633,62.709999084472656,61.31999969482422,62.310001373291016,709300,0.0,0.0
2013-05-03 00:00:00-04:00,62.5099983215332,63.97999954223633,62.4900016784668,63.79999923706055,564800,0.0,0.0
2013-05-06 00:00:00-04:00,63.59000015258789,67.23999786376953,62.91999816894531,65.68000030517578,1355600,0.0,0.0
2013-05-07 00:00:00-04:00,65.16999816894531,65.68000030517578,62.900001525878906,63.150001525878906,716800,0.0,0.0
2013-05-08 00:00:00-04:00,63.220001220703125,64.37999725341797,62.84000015258789,63.7599983215332,535300,0.0,0.0
2013-05-09 00:00:00-04:00,63.9900016784668,65.37000274658203,63.650001525878906,64.95999908447266,492500,0.0,0.0
2013-05-10 00:00:00-04:00,65.66000366210938,67.75,65.29000091552734,67.41000366210938,867100,0.0,0.0
2013-05-13 00:00:00-04:00,67.16999816894531,67.41000366210938,66.1500015258789,66.30000305175781,527500,0.0,0.0
2013-05-14 00:00:00-04:00,66.69000244140625,69.75,66.4800033569336,68.69999694824219,1096200,0.0,0.0
2013-05-15 00:00:00-04:00,68.51000213623047,69.0999984741211,66.62999725341797,66.80000305175781,733400,0.0,0.0
2013-05-16 00:00:00-04:00,66.75,68.08999633789062,66.69999694824219,67.20999908447266,541200,0.0,0.0
2013-05-17 00:00:00-04:00,67.77999877929688,68.25,67.23999786376953,67.9800033569336,594100,0.0,0.0
2013-05-20 00:00:00-04:00,68.0,69.45999908447266,67.41000366210938,67.91999816894531,663200,0.0,0.0
2013-05-21 00:00:00-04:00,68.27999877929688,68.61000061035156,67.33999633789062,68.48999786376953,561700,0.0,0.0
2013-05-22 00:00:00-04:00,68.22000122070312,68.30000305175781,64.69999694824219,65.75,1297300,0.0,0.0
2013-05-23 00:00:00-04:00,65.83000183105469,69.69000244140625,64.2300033569336,66.16999816894531,1579300,0.0,0.0
2013-05-24 00:00:00-04:00,65.5199966430664,66.79000091552734,63.25,66.16000366210938,1148800,0.0,0.0
2013-05-28 00:00:00-04:00,67.0999984741211,67.87999725341797,65.37999725341797,65.73999786376953,923800,0.0,0.0
2013-05-29 00:00:00-04:00,65.11000061035156,65.19999694824219,63.380001068115234,65.06999969482422,1476800,0.0,0.0
2013-05-30 00:00:00-04:00,65.0199966430664,66.56999969482422,64.6500015258789,65.41999816894531,738800,0.0,0.0
2013-05-31 00:00:00-04:00,65.36000061035156,65.5199966430664,64.2300033569336,64.2300033569336,674100,0.0,0.0
2013-06-03 00:00:00-04:00,64.33999633789062,64.62000274658203,61.45000076293945,62.209999084472656,1023400,0.0,0.0
2013-06-04 00:00:00-04:00,62.380001068115234,62.380001068115234,60.099998474121094,60.34000015258789,1490000,0.0,0.0
2013-06-05 00:00:00-04:00,60.04999923706055,62.31999969482422,60.02000045776367,62.08000183105469,756300,0.0,0.0
2013-06-06 00:00:00-04:00,61.65999984741211,63.59000015258789,61.54999923706055,63.5,745600,0.0,0.0
2013-06-07 00:00:00-04:00,62.869998931884766,66.16999816894531,62.869998931884766,65.45999908447266,875700,0.0,0.0
2013-06-10 00:00:00-04:00,65.5,66.5999984741211,65.25,65.98999786376953,833500,0.0,0.0
2013-06-11 00:00:00-04:00,65.16999816894531,65.98999786376953,61.58000183105469,61.689998626708984,2741000,0.0,0.0
2013-06-12 00:00:00-04:00,61.689998626708984,62.68000030517578,60.220001220703125,61.900001525878906,4778400,0.0,0.0
2013-06-13 00:00:00-04:00,61.970001220703125,61.970001220703125,60.95000076293945,61.09000015258789,993900,0.0,0.0
2013-06-14 00:00:00-04:00,61.09000015258789,61.29999923706055,59.869998931884766,61.09000015258789,1395700,0.0,0.0
2013-06-17 00:00:00-04:00,61.15999984741211,62.279998779296875,60.91999816894531,62.060001373291016,1123000,0.0,0.0
2013-06-18 00:00:00-04:00,61.959999084472656,62.79999923706055,60.959999084472656,61.20000076293945,926300,0.0,0.0
2013-06-19 00:00:00-04:00,61.349998474121094,63.220001220703125,61.09000015258789,62.75,916700,0.0,0.0
2013-06-20 00:00:00-04:00,62.209999084472656,63.9900016784668,61.45000076293945,62.560001373291016,1073300,0.0,0.0
2013-06-21 00:00:00-04:00,63.02000045776367,63.61000061035156,61.720001220703125,62.9900016784668,1373900,0.0,0.0
2013-06-24 00:00:00-04:00,63.0,64.38999938964844,61.45000076293945,63.04999923706055,1165600,0.0,0.0
2013-06-25 00:00:00-04:00,63.529998779296875,63.560001373291016,61.970001220703125,62.959999084472656,1011500,0.0,0.0
2013-06-26 00:00:00-04:00,63.0,66.72000122070312,62.959999084472656,64.62000274658203,1045500,0.0,0.0
2013-06-27 00:00:00-04:00,64.83000183105469,65.93000030517578,64.06999969482422,64.33000183105469,954900,0.0,0.0
2013-06-28 00:00:00-04:00,64.0,65.4000015258789,62.54999923706055,64.08999633789062,1212800,0.0,0.0
2013-07-01 00:00:00-04:00,64.5,64.9800033569336,63.52000045776367,64.12999725341797,741300,0.0,0.0
2013-07-02 00:00:00-04:00,64.33999633789062,65.98999786376953,63.65999984741211,64.06999969482422,703000,0.0,0.0
2013-07-03 00:00:00-04:00,64.33999633789062,65.5,63.56999969482422,65.36000061035156,380600,0.0,0.0
2013-07-05 00:00:00-04:00,65.30999755859375,65.58000183105469,64.30999755859375,65.51000213623047,357100,0.0,0.0
2013-07-08 00:00:00-04:00,65.75,66.0,64.43000030517578,64.70999908447266,704400,0.0,0.0
2013-07-09 00:00:00-04:00,65.0,65.4000015258789,64.1500015258789,65.18000030517578,560500,0.0,0.0
2013-07-10 00:00:00-04:00,64.88999938964844,65.73999786376953,64.83000183105469,65.31999969482422,412000,0.0,0.0
2013-07-11 00:00:00-04:00,65.80999755859375,66.61000061035156,64.87000274658203,65.05000305175781,745500,0.0,0.0
2013-07-12 00:00:00-04:00,65.2300033569336,68.7300033569336,65.11000061035156,67.91000366210938,1888700,0.0,0.0
2013-07-15 00:00:00-04:00,67.37999725341797,69.16999816894531,67.08999633789062,67.70999908447266,924500,0.0,0.0
2013-07-16 00:00:00-04:00,67.66000366210938,67.87000274658203,65.5,66.88999938964844,1110800,0.0,0.0
2013-07-17 00:00:00-04:00,66.30999755859375,67.80000305175781,66.16000366210938,67.5999984741211,631200,0.0,0.0
2013-07-18 00:00:00-04:00,67.81999969482422,68.5,67.37999725341797,67.58999633789062,534600,0.0,0.0
2013-07-19 00:00:00-04:00,67.44000244140625,69.7300033569336,67.20999908447266,68.30000305175781,1339600,0.0,0.0
2013-07-22 00:00:00-04:00,68.2300033569336,68.8499984741211,66.94999694824219,67.51000213623047,434100,0.0,0.0
2013-07-23 00:00:00-04:00,67.51000213623047,67.69000244140625,65.69000244140625,66.55000305175781,930600,0.0,0.0
2013-07-24 00:00:00-04:00,67.05000305175781,68.91999816894531,67.0,68.22000122070312,873600,0.0,0.0
2013-07-25 00:00:00-04:00,68.2300033569336,68.80000305175781,67.66999816894531,68.08999633789062,684200,0.0,0.0
2013-07-26 00:00:00-04:00,68.05999755859375,68.79000091552734,66.62999725341797,68.56999969482422,707400,0.0,0.0
2013-07-29 00:00:00-04:00,68.19000244140625,69.16000366210938,67.80999755859375,68.43000030517578,513600,0.0,0.0
2013-07-30 00:00:00-04:00,68.80000305175781,69.5999984741211,68.0,68.86000061035156,858100,0.0,0.0
2013-07-31 00:00:00-04:00,68.69999694824219,69.22000122070312,67.62999725341797,68.29000091552734,629800,0.0,0.0
2013-08-01 00:00:00-04:00,68.5999984741211,70.16000366210938,67.77999877929688,69.6500015258789,925000,0.0,0.0
2013-08-02 00:00:00-04:00,69.05999755859375,73.8499984741211,69.05999755859375,73.06999969482422,1431500,0.0,0.0
2013-08-05 00:00:00-04:00,72.58000183105469,72.94000244140625,71.36000061035156,72.80999755859375,589700,0.0,0.0
2013-08-06 00:00:00-04:00,72.4800033569336,74.4000015258789,72.19000244140625,73.13999938964844,715000,0.0,0.0
2013-08-07 00:00:00-04:00,73.1500015258789,73.55999755859375,71.62999725341797,72.66999816894531,665800,0.0,0.0
2013-08-08 00:00:00-04:00,72.83999633789062,73.36000061035156,72.5199966430664,72.87000274658203,298800,0.0,0.0
2013-08-09 00:00:00-04:00,73.0,74.9000015258789,72.81999969482422,74.37000274658203,515000,0.0,0.0
2013-08-12 00:00:00-04:00,74.0,74.51000213623047,73.80000305175781,74.05999755859375,481300,0.0,0.0
2013-08-13 00:00:00-04:00,74.26000213623047,74.33000183105469,73.12000274658203,74.0,389300,0.0,0.0
2013-08-14 00:00:00-04:00,74.08999633789062,74.29000091552734,73.05999755859375,74.01000213623047,480900,0.0,0.0
2013-08-15 00:00:00-04:00,73.54000091552734,74.58999633789062,73.0,74.19999694824219,736300,0.0,0.0
2013-08-16 00:00:00-04:00,74.25,74.5,73.4000015258789,73.66999816894531,625200,0.0,0.0
2013-08-19 00:00:00-04:00,73.31999969482422,74.0199966430664,73.1500015258789,73.2699966430664,463000,0.0,0.0
2013-08-20 00:00:00-04:00,73.5,74.27999877929688,73.25,73.93000030517578,335000,0.0,0.0
2013-08-21 00:00:00-04:00,73.98999786376953,74.69999694824219,73.25,73.83999633789062,441400,0.0,0.0
2013-08-22 00:00:00-04:00,74.13999938964844,76.13999938964844,74.0,74.95999908447266,802800,0.0,0.0
2013-08-23 00:00:00-04:00,75.0,75.97000122070312,74.5199966430664,75.76000213623047,455100,0.0,0.0
2013-08-26 00:00:00-04:00,75.68000030517578,76.76000213623047,75.01000213623047,76.01000213623047,731100,0.0,0.0
2013-08-27 00:00:00-04:00,74.95999908447266,76.54000091552734,74.58999633789062,76.01000213623047,1305400,0.0,0.0
2013-08-28 00:00:00-04:00,76.41999816894531,78.22000122070312,74.05999755859375,74.76000213623047,1681700,0.0,0.0
2013-08-29 00:00:00-04:00,72.63999938964844,75.27999877929688,71.5,74.70999908447266,1746100,0.0,0.0
2013-08-30 00:00:00-04:00,74.6500015258789,74.88999938964844,72.0,72.52999877929688,953100,0.0,0.0
2013-09-03 00:00:00-04:00,73.19999694824219,74.19999694824219,72.76000213623047,73.87000274658203,1080300,0.0,0.0
2013-09-04 00:00:00-04:00,73.66999816894531,73.9000015258789,72.75,73.58999633789062,1365200,0.0,0.0
2013-09-05 00:00:00-04:00,73.88999938964844,74.08999633789062,73.11000061035156,73.97000122070312,583500,0.0,0.0
2013-09-06 00:00:00-04:00,73.97000122070312,76.22000122070312,73.97000122070312,76.0,1780000,0.0,0.0
2013-09-09 00:00:00-04:00,76.0999984741211,77.88999938964844,76.02999877929688,76.5999984741211,1372800,0.0,0.0
2013-09-10 00:00:00-04:00,76.97000122070312,77.19999694824219,75.7699966430664,77.02999877929688,1245600,0.0,0.0
2013-09-11 00:00:00-04:00,77.54000091552734,78.81999969482422,77.0999984741211,77.93000030517578,1223700,0.0,0.0
2013-09-12 00:00:00-04:00,78.41999816894531,78.52999877929688,75.29000091552734,76.41999816894531,1088600,0.0,0.0
2013-09-13 00:00:00-04:00,76.3499984741211,76.9800033569336,75.94999694824219,76.83999633789062,559800,0.0,0.0
2013-09-16 00:00:00-04:00,77.44000244140625,78.0,76.94000244140625,76.98999786376953,727800,0.0,0.0
2013-09-17 00:00:00-04:00,76.61000061035156,78.16999816894531,75.81999969482422,78.12000274658203,1020400,0.0,0.0
2013-09-18 00:00:00-04:00,77.25,81.23999786376953,77.0,81.0999984741211,1993300,0.0,0.0
2013-09-19 00:00:00-04:00,80.87999725341797,84.41999816894531,80.5,83.12999725341797,1795700,0.0,0.0
2013-09-20 00:00:00-04:00,83.22000122070312,83.30999755859375,80.30999755859375,80.94000244140625,2564100,0.0,0.0
2013-09-23 00:00:00-04:00,79.52999877929688,81.45999908447266,78.8499984741211,80.41999816894531,615900,0.0,0.0
2013-09-24 00:00:00-04:00,80.63999938964844,81.12000274658203,79.2699966430664,80.58000183105469,558300,0.0,0.0
2013-09-25 00:00:00-04:00,80.22000122070312,81.69000244140625,79.93000030517578,80.2699966430664,745100,0.0,0.0
2013-09-26 00:00:00-04:00,80.81999969482422,82.55000305175781,80.30999755859375,82.37000274658203,901000,0.0,0.0
2013-09-27 00:00:00-04:00,82.37000274658203,82.8499984741211,81.5,81.6500015258789,518000,0.0,0.0
2013-09-30 00:00:00-04:00,81.25,81.98999786376953,80.55000305175781,80.93000030517578,612700,0.0,0.0
2013-10-01 00:00:00-04:00,80.7300033569336,83.0,80.7300033569336,82.68000030517578,830400,0.0,0.0
2013-10-02 00:00:00-04:00,82.13999938964844,82.68000030517578,81.69000244140625,82.62999725341797,739600,0.0,0.0
2013-10-03 00:00:00-04:00,82.69999694824219,83.69000244140625,80.87999725341797,82.4000015258789,557300,0.0,0.0
2013-10-04 00:00:00-04:00,82.05000305175781,83.54000091552734,81.79000091552734,82.38999938964844,562300,0.0,0.0
2013-10-07 00:00:00-04:00,82.22000122070312,82.80000305175781,81.01000213623047,81.2699966430664,497600,0.0,0.0
2013-10-08 00:00:00-04:00,81.44000244140625,81.5199966430664,77.04000091552734,78.41999816894531,1173900,0.0,0.0
2013-10-09 00:00:00-04:00,78.55999755859375,79.18000030517578,76.68000030517578,77.41999816894531,990600,0.0,0.0
2013-10-10 00:00:00-04:00,78.48999786376953,81.93000030517578,78.41000366210938,81.81999969482422,1055700,0.0,0.0
2013-10-11 00:00:00-04:00,81.79000091552734,82.22000122070312,80.62999725341797,81.69999694824219,471600,0.0,0.0
2013-10-14 00:00:00-04:00,81.3499984741211,82.12000274658203,79.91000366210938,81.5,364900,0.0,0.0
2013-10-15 00:00:00-04:00,81.30999755859375,81.30999755859375,79.04000091552734,80.18000030517578,653500,0.0,0.0
2013-10-16 00:00:00-04:00,80.5999984741211,81.98999786376953,80.20999908447266,81.16000366210938,535800,0.0,0.0
2013-10-17 00:00:00-04:00,81.3499984741211,81.79000091552734,79.19999694824219,80.29000091552734,941300,0.0,0.0
2013-10-18 00:00:00-04:00,80.5,81.13999938964844,79.94999694824219,80.0999984741211,743700,0.0,0.0
2013-10-21 00:00:00-04:00,80.66000366210938,81.7699966430664,79.94999694824219,81.18000030517578,926900,0.0,0.0
2013-10-22 00:00:00-04:00,81.30000305175781,81.75,78.80000305175781,79.69000244140625,990600,0.0,0.0
2013-10-23 00:00:00-04:00,78.80000305175781,80.11000061035156,77.12000274658203,78.75,730900,0.0,0.0
2013-10-24 00:00:00-04:00,78.87000274658203,83.05000305175781,78.83999633789062,81.45999908447266,1415600,0.0,0.0
2013-10-25 00:00:00-04:00,81.61000061035156,81.88999938964844,79.11000061035156,79.77999877929688,588800,0.0,0.0
2013-10-28 00:00:00-04:00,79.77999877929688,79.77999877929688,76.02999877929688,77.05999755859375,937500,0.0,0.0
2013-10-29 00:00:00-04:00,76.94999694824219,77.33000183105469,74.73999786376953,75.62000274658203,1442700,0.0,0.0
2013-10-30 00:00:00-04:00,75.38999938964844,75.87999725341797,74.55999755859375,75.3499984741211,560000,0.0,0.0
2013-10-31 00:00:00-04:00,75.38999938964844,75.66999816894531,74.16000366210938,74.87000274658203,436200,0.0,0.0
2013-11-01 00:00:00-04:00,75.0,76.30999755859375,74.55000305175781,75.3499984741211,761400,0.0,0.0
2013-11-04 00:00:00-05:00,75.55000305175781,77.26000213623047,75.02999877929688,77.19000244140625,597200,0.0,0.0
2013-11-05 00:00:00-05:00,76.70999908447266,78.20999908447266,75.08000183105469,77.5999984741211,760600,0.0,0.0
2013-11-06 00:00:00-05:00,77.5199966430664,78.41000366210938,77.01000213623047,77.33999633789062,865000,0.0,0.0
2013-11-07 00:00:00-05:00,77.36000061035156,77.68000030517578,75.01000213623047,75.19000244140625,708700,0.0,0.0
2013-11-08 00:00:00-05:00,75.0,76.27999877929688,73.56999969482422,74.08000183105469,1486400,0.0,0.0
2013-11-11 00:00:00-05:00,74.18000030517578,74.66000366210938,73.27999877929688,73.8499984741211,548400,0.0,0.0
2013-11-12 00:00:00-05:00,73.8499984741211,74.36000061035156,73.12000274658203,74.29000091552734,804400,0.0,0.0
2013-11-13 00:00:00-05:00,74.06999969482422,74.48999786376953,73.51000213623047,74.19999694824219,668600,0.0,0.0
2013-11-14 00:00:00-05:00,74.38999938964844,74.68000030517578,73.63999938964844,74.19999694824219,548000,0.0,0.0
2013-11-15 00:00:00-05:00,74.04000091552734,76.05000305175781,73.68000030517578,75.7300033569336,726300,0.0,0.0
2013-11-18 00:00:00-05:00,75.98999786376953,76.7300033569336,73.30999755859375,73.66999816894531,1032900,0.0,0.0
2013-11-19 00:00:00-05:00,73.77999877929688,75.08000183105469,72.66999816894531,73.86000061035156,770300,0.0,0.0
2013-11-20 00:00:00-05:00,72.93000030517578,73.0,70.83999633789062,72.20999908447266,1605500,0.0,0.0
2013-11-21 00:00:00-05:00,72.58000183105469,74.04000091552734,72.08000183105469,73.87999725341797,993100,0.0,0.0
2013-11-22 00:00:00-05:00,74.16999816894531,75.47000122070312,73.76000213623047,74.06999969482422,721900,0.0,0.0
2013-11-25 00:00:00-05:00,75.19999694824219,75.19999694824219,72.0999984741211,73.30000305175781,2453300,0.0,0.0
2013-11-26 00:00:00-05:00,82.04000091552734,83.5999984741211,78.5,82.5999984741211,7525100,0.0,0.0
2013-11-27 00:00:00-05:00,82.37999725341797,83.13999938964844,81.37999725341797,82.05999755859375,1138600,0.0,0.0
2013-11-29 00:00:00-05:00,82.37000274658203,82.91999816894531,81.70999908447266,82.3499984741211,372000,0.0,0.0
2013-12-02 00:00:00-05:00,82.19999694824219,82.4000015258789,79.62999725341797,80.5,1696300,0.0,0.0
2013-12-03 00:00:00-05:00,80.47000122070312,80.47000122070312,77.86000061035156,78.16999816894531,954400,0.0,0.0
2013-12-04 00:00:00-05:00,77.98999786376953,79.58999633789062,77.0999984741211,79.27999877929688,1174100,0.0,0.0
2013-12-05 00:00:00-05:00,79.27999877929688,81.9000015258789,78.54000091552734,81.81999969482422,1354600,0.0,0.0
2013-12-06 00:00:00-05:00,82.19999694824219,82.5,80.33999633789062,81.44000244140625,1263900,0.0,0.0
2013-12-09 00:00:00-05:00,80.25,80.26000213623047,78.94999694824219,80.2300033569336,1213600,0.0,0.0
2013-12-10 00:00:00-05:00,80.41000366210938,80.6500015258789,79.29000091552734,80.33000183105469,976700,0.0,0.0
2013-12-11 00:00:00-05:00,80.55000305175781,80.55000305175781,78.80999755859375,79.20999908447266,657700,0.0,0.0
2013-12-12 00:00:00-05:00,79.08999633789062,80.27999877929688,78.26000213623047,79.72000122070312,620200,0.0,0.0
2013-12-13 00:00:00-05:00,79.88999938964844,80.30999755859375,79.4800033569336,79.9800033569336,478500,0.0,0.0
2013-12-16 00:00:00-05:00,80.0,80.56999969482422,79.69999694824219,80.0,572900,0.0,0.0
2013-12-17 00:00:00-05:00,80.0,80.04000091552734,78.88999938964844,79.9000015258789,774700,0.0,0.0
2013-12-18 00:00:00-05:00,80.0199966430664,80.5,78.9000015258789,80.5,788900,0.0,0.0
2013-12-19 00:00:00-05:00,80.5999984741211,81.04000091552734,79.97000122070312,80.12999725341797,813400,0.0,0.0
2013-12-20 00:00:00-05:00,80.5,81.94999694824219,79.83000183105469,81.8499984741211,2512700,0.0,0.0
2013-12-23 00:00:00-05:00,82.0,83.44999694824219,81.83999633789062,82.66999816894531,1029400,0.0,0.0
2013-12-24 00:00:00-05:00,81.70999908447266,82.47000122070312,79.70999908447266,82.37000274658203,475800,0.0,0.0
2013-12-26 00:00:00-05:00,81.97000122070312,82.9000015258789,81.33999633789062,82.51000213623047,837100,0.0,0.0
2013-12-27 00:00:00-05:00,81.7300033569336,82.61000061035156,81.47000122070312,82.05999755859375,866400,0.0,0.0
2013-12-30 00:00:00-05:00,81.77999877929688,82.69000244140625,81.08000183105469,82.41999816894531,411700,0.0,0.0
2013-12-31 00:00:00-05:00,82.45999908447266,83.3499984741211,82.18000030517578,83.16000366210938,595000,0.0,0.0
2014-01-02 00:00:00-05:00,82.27999877929688,83.05999755859375,80.55000305175781,81.7699966430664,1058900,0.0,0.0
2014-01-03 00:00:00-05:00,82.0999984741211,82.62999725341797,81.11000061035156,82.47000122070312,528600,0.0,0.0
2014-01-06 00:00:00-05:00,82.41999816894531,85.37000274658203,82.08999633789062,84.58999633789062,2092500,0.0,0.0
2014-01-07 00:00:00-05:00,85.86000061035156,89.30000305175781,85.70999908447266,88.12999725341797,2768100,0.0,0.0
2014-01-08 00:00:00-05:00,88.25,89.12000274658203,87.87999725341797,89.0,1382900,0.0,0.0
2014-01-09 00:00:00-05:00,89.01000213623047,89.83000183105469,87.77999877929688,88.83999633789062,986800,0.0,0.0
2014-01-10 00:00:00-05:00,88.52999877929688,89.9000015258789,88.27999877929688,89.69000244140625,869100,0.0,0.0
2014-01-13 00:00:00-05:00,89.79000091552734,90.63999938964844,87.5199966430664,87.87999725341797,1440100,0.0,0.0
2014-01-14 00:00:00-05:00,87.41999816894531,91.44000244140625,87.4000015258789,91.29000091552734,1834300,0.0,0.0
2014-01-15 00:00:00-05:00,91.94999694824219,92.0,90.1500015258789,90.83999633789062,3913200,0.0,0.0
2014-01-16 00:00:00-05:00,90.94999694824219,94.20999908447266,90.80000305175781,94.0,1871200,0.0,0.0
2014-01-17 00:00:00-05:00,93.9800033569336,94.55000305175781,92.11000061035156,92.4800033569336,1083000,0.0,0.0
2014-01-21 00:00:00-05:00,93.44999694824219,94.13999938964844,91.88999938964844,93.1500015258789,875200,0.0,0.0
2014-01-22 00:00:00-05:00,93.36000061035156,93.73999786376953,92.08000183105469,92.31999969482422,566000,0.0,0.0
2014-01-23 00:00:00-05:00,91.80000305175781,92.08999633789062,89.93000030517578,91.48999786376953,1080100,0.0,0.0
2014-01-24 00:00:00-05:00,90.58999633789062,90.88999938964844,88.87999725341797,88.98999786376953,868500,0.0,0.0
2014-01-27 00:00:00-05:00,89.19999694824219,89.55999755859375,85.02999877929688,87.08999633789062,1780200,0.0,0.0
2014-01-28 00:00:00-05:00,87.11000061035156,88.58999633789062,86.1500015258789,87.58999633789062,1172200,0.0,0.0
2014-01-29 00:00:00-05:00,87.5999984741211,88.29000091552734,86.11000061035156,86.19999694824219,995000,0.0,0.0
2014-01-30 00:00:00-05:00,87.47000122070312,91.58999633789062,87.20999908447266,89.7699966430664,1389100,0.0,0.0
2014-01-31 00:00:00-05:00,88.80000305175781,90.87999725341797,88.31999969482422,89.54000091552734,890700,0.0,0.0
2014-02-03 00:00:00-05:00,89.54000091552734,91.44999694824219,86.05999755859375,87.94000244140625,1387100,0.0,0.0
2014-02-04 00:00:00-05:00,88.0999984741211,88.94999694824219,87.58000183105469,88.62000274658203,882600,0.0,0.0
2014-02-05 00:00:00-05:00,88.0999984741211,90.05999755859375,88.0,88.58999633789062,1082300,0.0,0.0
2014-02-06 00:00:00-05:00,89.95999908447266,91.68000030517578,89.7699966430664,90.69999694824219,864100,0.0,0.0
2014-02-07 00:00:00-05:00,91.25,93.68000030517578,89.55999755859375,92.55999755859375,1419600,0.0,0.0
2014-02-10 00:00:00-05:00,92.58000183105469,93.43000030517578,91.54000091552734,92.0,869400,0.0,0.0
2014-02-11 00:00:00-05:00,92.5,96.05000305175781,91.77999877929688,95.87000274658203,1261500,0.0,0.0
2014-02-12 00:00:00-05:00,95.87000274658203,96.52999877929688,94.70999908447266,94.97000122070312,944800,0.0,0.0
2014-02-13 00:00:00-05:00,94.33999633789062,98.55000305175781,94.16000366210938,98.31999969482422,868000,0.0,0.0
2014-02-14 00:00:00-05:00,98.19999694824219,98.27999877929688,96.25,96.80000305175781,1087800,0.0,0.0
2014-02-18 00:00:00-05:00,97.51000213623047,98.4800033569336,96.66999816894531,97.3499984741211,1119900,0.0,0.0
2014-02-19 00:00:00-05:00,97.23999786376953,98.0,96.76000213623047,97.54000091552734,1054400,0.0,0.0
2014-02-20 00:00:00-05:00,97.3499984741211,98.45999908447266,96.33999633789062,98.19999694824219,860600,0.0,0.0
2014-02-21 00:00:00-05:00,98.81999969482422,101.58000183105469,98.69000244140625,100.44999694824219,1596600,0.0,0.0
2014-02-24 00:00:00-05:00,101.29000091552734,101.5,99.70999908447266,100.36000061035156,1008000,0.0,0.0
2014-02-25 00:00:00-05:00,101.1500015258789,102.26000213623047,97.55000305175781,98.75,1859400,0.0,0.0
2014-02-26 00:00:00-05:00,100.0,100.69999694824219,98.73999786376953,100.27999877929688,2056100,0.0,0.0
2014-02-27 00:00:00-05:00,106.41000366210938,116.47000122070312,105.27999877929688,115.47000122070312,6416400,0.0,0.0
2014-02-28 00:00:00-05:00,115.93000030517578,116.4000015258789,104.44000244140625,109.91999816894531,6083600,0.0,0.0
2014-03-03 00:00:00-05:00,107.26000213623047,107.76000213623047,104.5199966430664,106.30000305175781,2635200,0.0,0.0
2014-03-04 00:00:00-05:00,108.11000061035156,109.87999725341797,107.33999633789062,109.08000183105469,1370100,0.0,0.0
2014-03-05 00:00:00-05:00,109.11000061035156,109.11000061035156,105.7699966430664,107.02999877929688,1591400,0.0,0.0
2014-03-06 00:00:00-05:00,107.58999633789062,107.79000091552734,103.58000183105469,104.79000091552734,1498500,0.0,0.0
2014-03-07 00:00:00-05:00,105.58000183105469,105.58000183105469,101.1500015258789,102.08000183105469,1827000,0.0,0.0
2014-03-10 00:00:00-04:00,102.01000213623047,102.44999694824219,99.52999877929688,100.94999694824219,1952900,0.0,0.0
2014-03-11 00:00:00-04:00,101.38999938964844,103.69999694824219,100.0999984741211,100.91000366210938,1624000,0.0,0.0
2014-03-12 00:00:00-04:00,100.11000061035156,102.88999938964844,98.76000213623047,102.62999725341797,1395800,0.0,0.0
2014-03-13 00:00:00-04:00,103.81999969482422,104.93000030517578,100.12000274658203,101.20999908447266,2037900,0.0,0.0
2014-03-14 00:00:00-04:00,100.70999908447266,102.11000061035156,99.33000183105469,100.91000366210938,1256100,0.0,0.0
2014-03-17 00:00:00-04:00,101.56999969482422,102.91000366210938,100.2699966430664,101.56999969482422,1115700,0.0,0.0
2014-03-18 00:00:00-04:00,101.72000122070312,104.95999908447266,100.43000030517578,104.25,1718600,0.0,0.0
2014-03-19 00:00:00-04:00,104.25,105.4800033569336,101.05000305175781,102.05000305175781,1244800,0.0,0.0
2014-03-20 00:00:00-04:00,101.83999633789062,102.6500015258789,100.02999877929688,100.1500015258789,1288300,0.0,0.0
2014-03-21 00:00:00-04:00,101.0,101.3499984741211,96.93000030517578,97.0999984741211,2071500,0.0,0.0
2014-03-24 00:00:00-04:00,97.5,98.2300033569336,90.87999725341797,95.58000183105469,2910200,0.0,0.0
2014-03-25 00:00:00-04:00,96.01000213623047,97.5999984741211,93.01000213623047,94.41999816894531,2089800,0.0,0.0
2014-03-26 00:00:00-04:00,94.79000091552734,95.75,89.6500015258789,92.58999633789062,3158600,0.0,0.0
2014-03-27 00:00:00-04:00,92.2300033569336,93.30000305175781,89.80999755859375,90.9000015258789,2684600,0.0,0.0
2014-03-28 00:00:00-04:00,91.11000061035156,92.8499984741211,90.3499984741211,90.76000213623047,2103000,0.0,0.0
2014-03-31 00:00:00-04:00,91.7300033569336,93.54000091552734,90.9000015258789,91.43000030517578,1865200,0.0,0.0
2014-04-01 00:00:00-04:00,91.55000305175781,96.2699966430664,91.5,95.27999877929688,2090400,0.0,0.0
2014-04-02 00:00:00-04:00,95.22000122070312,96.48999786376953,91.5199966430664,92.16999816894531,2375200,0.0,0.0
2014-04-03 00:00:00-04:00,92.25,92.55999755859375,83.0199966430664,83.91000366210938,5007800,0.0,0.0
2014-04-04 00:00:00-04:00,84.98999786376953,86.04000091552734,79.18000030517578,80.68000030517578,6589000,0.0,0.0
2014-04-07 00:00:00-04:00,80.36000061035156,82.23999786376953,75.37999725341797,78.13999938964844,4531400,0.0,0.0
2014-04-08 00:00:00-04:00,80.06999969482422,81.98999786376953,76.83000183105469,81.19999694824219,3694600,0.0,0.0
2014-04-09 00:00:00-04:00,81.87000274658203,83.16000366210938,80.55999755859375,83.0199966430664,2308000,0.0,0.0
2014-04-10 00:00:00-04:00,82.77999877929688,82.87000274658203,73.72000122070312,75.62000274658203,4146900,0.0,0.0
2014-04-11 00:00:00-04:00,74.5,75.95999908447266,71.41000366210938,71.86000061035156,3833100,0.0,0.0
2014-04-14 00:00:00-04:00,73.38999938964844,75.69000244140625,71.5,73.0,3328500,0.0,0.0
2014-04-15 00:00:00-04:00,73.0,78.73999786376953,72.69999694824219,77.80999755859375,4594700,0.0,0.0
2014-04-16 00:00:00-04:00,78.31999969482422,79.44999694824219,75.5,77.56999969482422,1996700,0.0,0.0
2014-04-17 00:00:00-04:00,77.55999755859375,80.73999786376953,76.62999725341797,79.80000305175781,3212200,0.0,0.0
2014-04-21 00:00:00-04:00,79.79000091552734,80.58999633789062,76.87999725341797,77.93000030517578,2129900,0.0,0.0
2014-04-22 00:00:00-04:00,78.91000366210938,82.0,78.80999755859375,81.37000274658203,2498300,0.0,0.0
2014-04-23 00:00:00-04:00,80.44000244140625,80.51000213623047,76.43000030517578,76.63999938964844,2438500,0.0,0.0
2014-04-24 00:00:00-04:00,77.68000030517578,77.69999694824219,69.47000122070312,72.58999633789062,5183600,0.0,0.0
2014-04-25 00:00:00-04:00,71.75,71.7699966430664,67.0199966430664,67.61000061035156,4254700,0.0,0.0
2014-04-28 00:00:00-04:00,67.76000213623047,69.0,64.20999908447266,67.30999755859375,5824200,0.0,0.0
2014-04-29 00:00:00-04:00,67.5,73.58999633789062,66.12000274658203,73.30000305175781,5720100,0.0,0.0
2014-04-30 00:00:00-04:00,71.9000015258789,73.80999755859375,69.70999908447266,73.06999969482422,3572800,0.0,0.0
2014-05-01 00:00:00-04:00,72.58999633789062,77.6500015258789,72.58000183105469,74.83000183105469,3500600,0.0,0.0
2014-05-02 00:00:00-04:00,75.0,76.72000122070312,74.75,75.7300033569336,3220800,0.0,0.0
2014-05-05 00:00:00-04:00,74.75,76.27999877929688,73.52999877929688,76.23999786376953,2409400,0.0,0.0
2014-05-06 00:00:00-04:00,75.55000305175781,76.70999908447266,72.94000244140625,73.26000213623047,3621700,0.0,0.0
2014-05-07 00:00:00-04:00,73.13999938964844,73.79000091552734,66.5,67.4800033569336,5893900,0.0,0.0
2014-05-08 00:00:00-04:00,66.5999984741211,70.37999725341797,66.4000015258789,67.05999755859375,3329000,0.0,0.0
2014-05-09 00:00:00-04:00,66.80999755859375,69.13999938964844,65.75,68.20999908447266,1630400,0.0,0.0
2014-05-12 00:00:00-04:00,68.88999938964844,73.62999725341797,68.31999969482422,72.44000244140625,2851900,0.0,0.0
2014-05-13 00:00:00-04:00,72.5,73.4000015258789,70.94999694824219,72.02999877929688,1991100,0.0,0.0
2014-05-14 00:00:00-04:00,71.54000091552734,73.25,70.66999816894531,71.0,2000700,0.0,0.0
2014-05-15 00:00:00-04:00,69.51000213623047,71.0,67.87000274658203,70.69000244140625,2091300,0.0,0.0
2014-05-16 00:00:00-04:00,70.79000091552734,72.12999725341797,68.9800033569336,71.76000213623047,1831800,0.0,0.0
2014-05-19 00:00:00-04:00,71.41000366210938,77.36000061035156,71.0199966430664,74.5199966430664,3683900,0.0,0.0
2014-05-20 00:00:00-04:00,74.72000122070312,77.2300033569336,73.11000061035156,75.51000213623047,2392400,0.0,0.0
2014-05-21 00:00:00-04:00,75.36000061035156,75.69000244140625,73.41000366210938,75.37000274658203,1898100,0.0,0.0
2014-05-22 00:00:00-04:00,75.12000274658203,77.79000091552734,74.97000122070312,76.83000183105469,1700000,0.0,0.0
2014-05-23 00:00:00-04:00,76.83000183105469,78.30999755859375,76.4000015258789,78.30000305175781,1566200,0.0,0.0
2014-05-27 00:00:00-04:00,79.0199966430664,82.5,78.91000366210938,82.12999725341797,4263700,0.0,0.0
2014-05-28 00:00:00-04:00,86.04000091552734,87.23999786376953,80.5199966430664,84.04000091552734,7891200,0.0,0.0
2014-05-29 00:00:00-04:00,83.2699966430664,83.98999786376953,80.16000366210938,80.95999908447266,3583300,0.0,0.0
2014-05-30 00:00:00-04:00,80.80000305175781,80.80000305175781,77.2699966430664,78.37000274658203,2600600,0.0,0.0
2014-06-02 00:00:00-04:00,78.25,78.25,75.31999969482422,75.43000030517578,2936500,0.0,0.0
2014-06-03 00:00:00-04:00,75.25,76.6500015258789,74.31999969482422,75.79000091552734,2147100,0.0,0.0
2014-06-04 00:00:00-04:00,75.33999633789062,77.33999633789062,74.31999969482422,76.80000305175781,1590600,0.0,0.0
2014-06-05 00:00:00-04:00,77.1500015258789,80.86000061035156,76.5,80.01000213623047,2333000,0.0,0.0
2014-06-06 00:00:00-04:00,81.0,81.33000183105469,79.29000091552734,81.01000213623047,1393000,0.0,0.0
2014-06-09 00:00:00-04:00,79.19999694824219,81.7699966430664,79.05000305175781,80.27999877929688,1340400,0.0,0.0
2014-06-10 00:00:00-04:00,80.22000122070312,81.98999786376953,79.18000030517578,79.83000183105469,1328400,0.0,0.0
2014-06-11 00:00:00-04:00,79.5999984741211,81.70999908447266,78.86000061035156,81.19999694824219,1184300,0.0,0.0
2014-06-12 00:00:00-04:00,81.1500015258789,83.73999786376953,80.45999908447266,81.5199966430664,2284700,0.0,0.0
2014-06-13 00:00:00-04:00,81.51000213623047,84.0,80.75,83.86000061035156,1084800,0.0,0.0
2014-06-16 00:00:00-04:00,83.16000366210938,86.16000366210938,83.05999755859375,85.5999984741211,1882000,0.0,0.0
2014-06-17 00:00:00-04:00,85.52999877929688,86.5,84.4000015258789,85.83000183105469,1526400,0.0,0.0
2014-06-18 00:00:00-04:00,86.27999877929688,87.69000244140625,85.12999725341797,87.23999786376953,1986300,0.0,0.0
2014-06-19 00:00:00-04:00,87.7300033569336,87.7300033569336,85.05000305175781,86.62999725341797,1179400,0.0,0.0
2014-06-20 00:00:00-04:00,86.16000366210938,86.5999984741211,84.25,84.86000061035156,2146000,0.0,0.0
2014-06-23 00:00:00-04:00,85.13999938964844,87.16999816894531,84.86000061035156,85.73999786376953,2032900,0.0,0.0
2014-06-24 00:00:00-04:00,86.04000091552734,88.19000244140625,85.61000061035156,86.33000183105469,1408000,0.0,0.0
2014-06-25 00:00:00-04:00,86.5,87.4000015258789,85.44999694824219,87.05999755859375,1203200,0.0,0.0
2014-06-26 00:00:00-04:00,87.08999633789062,89.5999984741211,87.04000091552734,88.45999908447266,1610500,0.0,0.0
2014-06-27 00:00:00-04:00,87.62000274658203,89.79000091552734,87.58000183105469,88.8499984741211,3366200,0.0,0.0
2014-06-30 00:00:00-04:00,89.0,91.0999984741211,88.8499984741211,89.86000061035156,1569800,0.0,0.0
2014-07-01 00:00:00-04:00,90.0199966430664,91.95999908447266,89.93000030517578,90.93000030517578,2273700,0.0,0.0
2014-07-02 00:00:00-04:00,90.7699966430664,92.1500015258789,89.80000305175781,90.0199966430664,862300,0.0,0.0
2014-07-03 00:00:00-04:00,90.36000061035156,90.48999786376953,88.04000091552734,88.95999908447266,794500,0.0,0.0
2014-07-07 00:00:00-04:00,88.95999908447266,88.95999908447266,86.72000122070312,87.25,1383200,0.0,0.0
2014-07-08 00:00:00-04:00,86.9800033569336,87.0,79.69999694824219,81.79000091552734,4149500,0.0,0.0
2014-07-09 00:00:00-04:00,82.25,83.22000122070312,80.05999755859375,81.93000030517578,1312200,0.0,0.0
2014-07-10 00:00:00-04:00,78.8499984741211,81.5,78.75,80.56999969482422,1869500,0.0,0.0
2014-07-11 00:00:00-04:00,80.80000305175781,81.6500015258789,79.52999877929688,80.38999938964844,813400,0.0,0.0
2014-07-14 00:00:00-04:00,81.23999786376953,82.48999786376953,80.30000305175781,81.5199966430664,896700,0.0,0.0
2014-07-15 00:00:00-04:00,81.51000213623047,82.04000091552734,78.83999633789062,79.47000122070312,1409700,0.0,0.0
2014-07-16 00:00:00-04:00,80.19000244140625,81.05999755859375,79.12000274658203,79.27999877929688,864500,0.0,0.0
2014-07-17 00:00:00-04:00,79.47000122070312,80.0199966430664,76.8499984741211,77.47000122070312,1923100,0.0,0.0
2014-07-18 00:00:00-04:00,77.7300033569336,79.19000244140625,77.25,79.05000305175781,1320800,0.0,0.0
2014-07-21 00:00:00-04:00,78.7699966430664,79.76000213623047,78.19999694824219,79.26000213623047,746300,0.0,0.0
2014-07-22 00:00:00-04:00,79.87000274658203,81.62999725341797,79.2699966430664,79.87000274658203,754100,0.0,0.0
2014-07-23 00:00:00-04:00,80.0,80.58000183105469,79.30999755859375,79.83000183105469,643200,0.0,0.0
2014-07-24 00:00:00-04:00,80.77999877929688,82.16999816894531,80.0,81.95999908447266,736900,0.0,0.0
2014-07-25 00:00:00-04:00,81.16000366210938,81.94000244140625,80.69000244140625,81.41999816894531,516900,0.0,0.0
2014-07-28 00:00:00-04:00,81.08999633789062,81.75,79.5,79.87000274658203,1146000,0.0,0.0
2014-07-29 00:00:00-04:00,80.37000274658203,81.5,79.41000366210938,80.8499984741211,914700,0.0,0.0
2014-07-30 00:00:00-04:00,81.0,86.1500015258789,81.0,86.0,1945500,0.0,0.0
2014-07-31 00:00:00-04:00,84.0999984741211,85.16999816894531,83.44000244140625,83.83999633789062,1714100,0.0,0.0
2014-08-01 00:00:00-04:00,83.81999969482422,84.37999725341797,81.5999984741211,82.6500015258789,1772300,0.0,0.0
2014-08-04 00:00:00-04:00,82.75,85.43000030517578,82.5,85.12000274658203,979700,0.0,0.0
2014-08-05 00:00:00-04:00,84.55000305175781,85.87999725341797,83.48999786376953,83.70999908447266,1042800,0.0,0.0
2014-08-06 00:00:00-04:00,83.16999816894531,83.5,82.0,82.11000061035156,984100,0.0,0.0
2014-08-07 00:00:00-04:00,82.87000274658203,84.55999755859375,82.51000213623047,83.62999725341797,980300,0.0,0.0
2014-08-08 00:00:00-04:00,83.56999969482422,84.02999877929688,82.5,83.91000366210938,570700,0.0,0.0
2014-08-11 00:00:00-04:00,85.25,86.86000061035156,84.58000183105469,85.87000274658203,1241800,0.0,0.0
2014-08-12 00:00:00-04:00,85.43000030517578,86.41000366210938,83.86000061035156,84.80000305175781,958900,0.0,0.0
2014-08-13 00:00:00-04:00,85.61000061035156,86.5999984741211,84.61000061035156,86.44000244140625,989700,0.0,0.0
2014-08-14 00:00:00-04:00,86.2300033569336,87.22000122070312,85.73999786376953,86.55999755859375,950500,0.0,0.0
2014-08-15 00:00:00-04:00,86.98999786376953,87.80000305175781,85.62999725341797,86.54000091552734,895800,0.0,0.0
2014-08-18 00:00:00-04:00,87.88999938964844,89.72000122070312,87.7300033569336,88.44000244140625,1277300,0.0,0.0
2014-08-19 00:00:00-04:00,88.66000366210938,89.3499984741211,88.16999816894531,88.66000366210938,1096000,0.0,0.0
2014-08-20 00:00:00-04:00,88.16000366210938,88.5999984741211,87.55999755859375,88.41000366210938,1219700,0.0,0.0
2014-08-21 00:00:00-04:00,88.43000030517578,88.68000030517578,87.23999786376953,87.80999755859375,1099900,0.0,0.0
2014-08-22 00:00:00-04:00,87.31999969482422,88.69000244140625,86.95999908447266,88.41999816894531,1157400,0.0,0.0
2014-08-25 00:00:00-04:00,88.98999786376953,89.87999725341797,88.41000366210938,89.0,1293000,0.0,0.0
2014-08-26 00:00:00-04:00,89.5,91.01000213623047,88.83000183105469,90.77999877929688,1713700,0.0,0.0
2014-08-27 00:00:00-04:00,90.5,91.0,89.22000122070312,90.30000305175781,2734900,0.0,0.0
2014-08-28 00:00:00-04:00,88.45999908447266,90.44999694824219,85.2300033569336,85.88999938964844,4430300,0.0,0.0
2014-08-29 00:00:00-04:00,86.36000061035156,91.55000305175781,86.36000061035156,91.06999969482422,3288700,0.0,0.0
2014-09-02 00:00:00-04:00,89.88999938964844,90.0,88.62000274658203,89.94999694824219,1967900,0.0,0.0
2014-09-03 00:00:00-04:00,90.08999633789062,90.25,87.9800033569336,88.5999984741211,1311200,0.0,0.0
2014-09-04 00:00:00-04:00,89.04000091552734,89.70999908447266,87.87999725341797,88.23999786376953,1426300,0.0,0.0
2014-09-05 00:00:00-04:00,87.70999908447266,90.86000061035156,87.58000183105469,90.06999969482422,1329700,0.0,0.0
2014-09-08 00:00:00-04:00,90.2699966430664,94.48999786376953,90.16000366210938,93.9800033569336,2689100,0.0,0.0
2014-09-09 00:00:00-04:00,93.69999694824219,94.19999694824219,91.18000030517578,91.3499984741211,1250300,0.0,0.0
2014-09-10 00:00:00-04:00,91.18000030517578,92.3499984741211,89.36000061035156,91.80999755859375,1293900,0.0,0.0
2014-09-11 00:00:00-04:00,91.88999938964844,93.25,91.48999786376953,92.58000183105469,926300,0.0,0.0
2014-09-12 00:00:00-04:00,92.18000030517578,92.66999816894531,90.6500015258789,91.29000091552734,1231900,0.0,0.0
2014-09-15 00:00:00-04:00,90.63999938964844,90.69999694824219,84.47000122070312,85.61000061035156,2681900,0.0,0.0
2014-09-16 00:00:00-04:00,85.41999816894531,86.66999816894531,84.19999694824219,86.16999816894531,1553600,0.0,0.0
2014-09-17 00:00:00-04:00,85.95999908447266,86.70999908447266,84.91999816894531,85.72000122070312,1083000,0.0,0.0
2014-09-18 00:00:00-04:00,86.1500015258789,86.47000122070312,84.98999786376953,85.98999786376953,1078000,0.0,0.0
2014-09-19 00:00:00-04:00,86.75,89.27999877929688,85.56999969482422,89.05000305175781,4677300,0.0,0.0
2014-09-22 00:00:00-04:00,88.41999816894531,88.45999908447266,83.51000213623047,84.0,2737100,0.0,0.0
2014-09-23 00:00:00-04:00,83.87000274658203,84.91999816894531,83.12999725341797,83.5999984741211,1729600,0.0,0.0
2014-09-24 00:00:00-04:00,84.08999633789062,84.98999786376953,83.37999725341797,84.5999984741211,1042800,0.0,0.0
2014-09-25 00:00:00-04:00,84.26000213623047,84.5,81.91999816894531,82.08999633789062,1364600,0.0,0.0
2014-09-26 00:00:00-04:00,82.52999877929688,83.33000183105469,81.6500015258789,82.04000091552734,1086300,0.0,0.0
2014-09-29 00:00:00-04:00,81.22000122070312,83.43000030517578,80.22000122070312,82.7699966430664,962200,0.0,0.0
2014-09-30 00:00:00-04:00,82.88999938964844,82.97000122070312,81.41999816894531,82.5,934800,0.0,0.0
2014-10-01 00:00:00-04:00,82.05000305175781,82.2699966430664,79.77999877929688,80.5199966430664,1461300,0.0,0.0
2014-10-02 00:00:00-04:00,80.5,82.66000366210938,79.31999969482422,81.63999938964844,1148400,0.0,0.0
2014-10-03 00:00:00-04:00,82.5999984741211,84.83999633789062,82.16000366210938,83.33000183105469,1288200,0.0,0.0
2014-10-06 00:00:00-04:00,83.5199966430664,84.37999725341797,81.70999908447266,82.98999786376953,1058500,0.0,0.0
2014-10-07 00:00:00-04:00,82.23999786376953,82.45999908447266,79.9800033569336,80.05999755859375,1041600,0.0,0.0
2014-10-08 00:00:00-04:00,79.52999877929688,82.1500015258789,77.5,81.56999969482422,1719100,0.0,0.0
2014-10-09 00:00:00-04:00,81.55000305175781,82.3499984741211,80.19999694824219,81.0999984741211,1233500,0.0,0.0
2014-10-10 00:00:00-04:00,80.5,81.66000366210938,78.12000274658203,79.27999877929688,1898600,0.0,0.0
2014-10-13 00:00:00-04:00,79.63999938964844,80.91999816894531,77.69999694824219,78.41999816894531,1522100,0.0,0.0
2014-10-14 00:00:00-04:00,79.45999908447266,81.27999877929688,78.0999984741211,78.61000061035156,1410400,0.0,0.0
2014-10-15 00:00:00-04:00,77.41999816894531,78.95999908447266,75.2300033569336,78.55000305175781,2316700,0.0,0.0
2014-10-16 00:00:00-04:00,76.93000030517578,81.25,76.93000030517578,80.54000091552734,1610900,0.0,0.0
2014-10-17 00:00:00-04:00,81.12000274658203,83.83999633789062,81.06999969482422,82.97000122070312,1502300,0.0,0.0
2014-10-20 00:00:00-04:00,82.37000274658203,84.01000213623047,81.83000183105469,82.69999694824219,825700,0.0,0.0
2014-10-21 00:00:00-04:00,82.63999938964844,85.08000183105469,82.43000030517578,84.62000274658203,662900,0.0,0.0
2014-10-22 00:00:00-04:00,84.41999816894531,85.0,82.45999908447266,82.55999755859375,1046700,0.0,0.0
2014-10-23 00:00:00-04:00,83.43000030517578,87.30999755859375,82.9800033569336,85.7300033569336,1228900,0.0,0.0
2014-10-24 00:00:00-04:00,86.16000366210938,89.83000183105469,85.5199966430664,89.51000213623047,1397000,0.0,0.0
2014-10-27 00:00:00-04:00,88.98999786376953,89.88999938964844,88.22000122070312,89.58000183105469,761400,0.0,0.0
2014-10-28 00:00:00-04:00,89.69999694824219,94.48999786376953,89.69000244140625,93.86000061035156,1885800,0.0,0.0
2014-10-29 00:00:00-04:00,93.52999877929688,93.62999725341797,90.91000366210938,91.22000122070312,1684600,0.0,0.0
2014-10-30 00:00:00-04:00,90.79000091552734,92.7699966430664,90.45999908447266,92.5,1066600,0.0,0.0
2014-10-31 00:00:00-04:00,94.08999633789062,97.4000015258789,94.08999633789062,95.4800033569336,2165000,0.0,0.0
2014-11-03 00:00:00-05:00,95.4800033569336,97.16000366210938,94.63999938964844,95.62999725341797,896400,0.0,0.0
2014-11-04 00:00:00-05:00,95.3499984741211,96.25,94.87000274658203,95.51000213623047,1047100,0.0,0.0
2014-11-05 00:00:00-05:00,96.0,96.01000213623047,92.18000030517578,92.6500015258789,1185400,0.0,0.0
2014-11-06 00:00:00-05:00,93.16999816894531,95.44000244140625,93.11000061035156,94.98999786376953,1044100,0.0,0.0
2014-11-07 00:00:00-05:00,95.25,96.0999984741211,93.91999816894531,94.55999755859375,1059700,0.0,0.0
2014-11-10 00:00:00-05:00,94.5999984741211,95.44999694824219,93.4800033569336,95.16000366210938,652000,0.0,0.0
2014-11-11 00:00:00-05:00,94.87000274658203,95.5999984741211,94.2300033569336,94.62000274658203,837500,0.0,0.0
2014-11-12 00:00:00-05:00,94.44999694824219,95.0,93.0,94.47000122070312,615100,0.0,0.0
2014-11-13 00:00:00-05:00,94.87000274658203,95.33999633789062,93.22000122070312,94.19999694824219,506600,0.0,0.0
2014-11-14 00:00:00-05:00,94.72000122070312,95.63999938964844,93.7699966430664,95.29000091552734,1255900,0.0,0.0
2014-11-17 00:00:00-05:00,95.0,96.12000274658203,92.5999984741211,93.30999755859375,1108700,0.0,0.0
2014-11-18 00:00:00-05:00,94.16000366210938,94.16000366210938,92.4800033569336,92.87000274658203,1181100,0.0,0.0
2014-11-19 00:00:00-05:00,92.9000015258789,93.13999938964844,90.08000183105469,90.9000015258789,1285300,0.0,0.0
2014-11-20 00:00:00-05:00,90.83999633789062,92.72000122070312,90.0999984741211,91.6500015258789,1007400,0.0,0.0
2014-11-21 00:00:00-05:00,93.01000213623047,93.2300033569336,91.7300033569336,93.0,898600,0.0,0.0
2014-11-24 00:00:00-05:00,93.48999786376953,93.5,91.3499984741211,92.48999786376953,2498400,0.0,0.0
2014-11-25 00:00:00-05:00,85.54000091552734,88.94999694824219,85.3499984741211,87.37000274658203,6367200,0.0,0.0
2014-11-26 00:00:00-05:00,87.58999633789062,88.44000244140625,87.08999633789062,87.87000274658203,1581800,0.0,0.0
2014-11-28 00:00:00-05:00,87.9000015258789,88.0,86.58000183105469,87.05000305175781,640700,0.0,0.0
2014-12-01 00:00:00-05:00,86.62000274658203,86.75,84.69000244140625,85.01000213623047,1651800,0.0,0.0
2014-12-02 00:00:00-05:00,85.08000183105469,85.25,82.68000030517578,83.55999755859375,1747200,0.0,0.0
2014-12-03 00:00:00-05:00,83.48999786376953,83.77999877929688,81.7699966430664,82.7300033569336,1459500,0.0,0.0
2014-12-04 00:00:00-05:00,82.93000030517578,83.51000213623047,81.4800033569336,82.29000091552734,1895900,0.0,0.0
2014-12-05 00:00:00-05:00,82.5999984741211,83.36000061035156,81.7699966430664,83.36000061035156,1295900,0.0,0.0
2014-12-08 00:00:00-05:00,83.36000061035156,84.9000015258789,81.51000213623047,81.95999908447266,2060500,0.0,0.0
2014-12-09 00:00:00-05:00,81.0,84.08999633789062,79.25,83.6500015258789,1963000,0.0,0.0
2014-12-10 00:00:00-05:00,83.45999908447266,84.44000244140625,81.36000061035156,82.44999694824219,1645500,0.0,0.0
2014-12-11 00:00:00-05:00,82.94999694824219,85.37999725341797,82.66999816894531,82.9800033569336,1429200,0.0,0.0
2014-12-12 00:00:00-05:00,81.91999816894531,82.86000061035156,81.0,81.58000183105469,1588300,0.0,0.0
2014-12-15 00:00:00-05:00,82.47000122070312,82.5,80.44999694824219,80.88999938964844,1414400,0.0,0.0
2014-12-16 00:00:00-05:00,80.33999633789062,81.54000091552734,78.77999877929688,78.87000274658203,1487500,0.0,0.0
2014-12-17 00:00:00-05:00,79.26000213623047,80.93000030517578,78.08999633789062,80.62000274658203,1779400,0.0,0.0
2014-12-18 00:00:00-05:00,82.02999877929688,84.69999694824219,81.37999725341797,84.56999969482422,2328900,0.0,0.0
2014-12-19 00:00:00-05:00,84.79000091552734,85.75,84.29000091552734,85.44999694824219,2501700,0.0,0.0
2014-12-22 00:00:00-05:00,85.48999786376953,85.73999786376953,83.83000183105469,84.13999938964844,1336000,0.0,0.0
2014-12-23 00:00:00-05:00,84.91000366210938,85.81999969482422,84.37999725341797,84.86000061035156,2239600,0.0,0.0
2014-12-24 00:00:00-05:00,84.47000122070312,85.11000061035156,84.0199966430664,84.27999877929688,437100,0.0,0.0
2014-12-26 00:00:00-05:00,84.48999786376953,85.58999633789062,84.48999786376953,84.95999908447266,863400,0.0,0.0
2014-12-29 00:00:00-05:00,84.69999694824219,84.8499984741211,82.56999969482422,83.69000244140625,865700,0.0,0.0
2014-12-30 00:00:00-05:00,83.06999969482422,83.5,82.13999938964844,83.06999969482422,842400,0.0,0.0
2014-12-31 00:00:00-05:00,83.48999786376953,83.5,81.45999908447266,81.61000061035156,1190900,0.0,0.0
2015-01-02 00:00:00-05:00,81.81999969482422,81.97000122070312,79.25,80.41000366210938,1630000,0.0,0.0
2015-01-05 00:00:00-05:00,80.0,80.97000122070312,79.11000061035156,80.01000213623047,1591400,0.0,0.0
2015-01-06 00:00:00-05:00,80.83999633789062,81.4800033569336,78.25,79.41999816894531,1584000,0.0,0.0
2015-01-07 00:00:00-05:00,79.7300033569336,80.37000274658203,78.86000061035156,79.3499984741211,1106100,0.0,0.0
2015-01-08 00:00:00-05:00,79.55999755859375,83.20999908447266,79.37999725341797,82.77999877929688,2090100,0.0,0.0
2015-01-09 00:00:00-05:00,82.88999938964844,83.75,82.04000091552734,82.5999984741211,1062400,0.0,0.0
2015-01-12 00:00:00-05:00,82.5999984741211,84.26000213623047,82.11000061035156,83.48999786376953,1220200,0.0,0.0
2015-01-13 00:00:00-05:00,84.0,85.5999984741211,82.68000030517578,83.8499984741211,1784200,0.0,0.0
2015-01-14 00:00:00-05:00,82.70999908447266,83.25,79.33000183105469,81.01000213623047,1847200,0.0,0.0
2015-01-15 00:00:00-05:00,81.26000213623047,81.33999633789062,78.0199966430664,78.05999755859375,1500600,0.0,0.0
2015-01-16 00:00:00-05:00,78.0,78.5,76.36000061035156,78.4000015258789,1383300,0.0,0.0
2015-01-20 00:00:00-05:00,78.72000122070312,78.9800033569336,77.0,78.31999969482422,1359800,0.0,0.0
2015-01-21 00:00:00-05:00,78.2699966430664,81.4000015258789,77.9000015258789,80.38999938964844,1571600,0.0,0.0
2015-01-22 00:00:00-05:00,80.69999694824219,81.87000274658203,79.62999725341797,81.4000015258789,970900,0.0,0.0
2015-01-23 00:00:00-05:00,81.6500015258789,84.33000183105469,81.31999969482422,83.19999694824219,1423200,0.0,0.0
2015-01-26 00:00:00-05:00,82.91999816894531,83.80999755859375,82.12000274658203,82.77999877929688,707800,0.0,0.0
2015-01-27 00:00:00-05:00,81.18000030517578,81.61000061035156,80.02999877929688,80.62999725341797,1065500,0.0,0.0
2015-01-28 00:00:00-05:00,81.36000061035156,81.55000305175781,78.66000366210938,78.66000366210938,1427800,0.0,0.0
2015-01-29 00:00:00-05:00,79.1500015258789,79.94999694824219,77.4000015258789,79.16999816894531,1727900,0.0,0.0
2015-01-30 00:00:00-05:00,78.98999786376953,79.87999725341797,77.93000030517578,79.45999908447266,1802500,0.0,0.0
2015-02-02 00:00:00-05:00,79.6500015258789,81.44000244140625,78.4000015258789,81.38999938964844,1165300,0.0,0.0
2015-02-03 00:00:00-05:00,81.79000091552734,84.98999786376953,81.69999694824219,84.73999786376953,2152300,0.0,0.0
2015-02-04 00:00:00-05:00,84.02999877929688,85.54000091552734,83.69000244140625,84.91999816894531,1036900,0.0,0.0
2015-02-05 00:00:00-05:00,85.75,87.97000122070312,85.41000366210938,87.62999725341797,1444900,0.0,0.0
2015-02-06 00:00:00-05:00,87.37000274658203,87.58000183105469,86.2699966430664,86.43000030517578,679400,0.0,0.0
2015-02-09 00:00:00-05:00,85.98999786376953,86.7300033569336,85.06999969482422,86.08999633789062,680400,0.0,0.0
2015-02-10 00:00:00-05:00,86.79000091552734,87.04000091552734,85.58999633789062,86.13999938964844,748000,0.0,0.0
2015-02-11 00:00:00-05:00,86.08999633789062,89.2699966430664,85.94999694824219,88.87000274658203,1338800,0.0,0.0
2015-02-12 00:00:00-05:00,88.87999725341797,91.26000213623047,88.63999938964844,91.16999816894531,1295900,0.0,0.0
2015-02-13 00:00:00-05:00,91.0,92.37999725341797,90.3499984741211,91.83999633789062,993900,0.0,0.0
2015-02-17 00:00:00-05:00,91.37000274658203,91.70999908447266,90.3499984741211,90.91999816894531,1640800,0.0,0.0
2015-02-18 00:00:00-05:00,90.62999725341797,91.70999908447266,90.55000305175781,91.30000305175781,814900,0.0,0.0
2015-02-19 00:00:00-05:00,90.83000183105469,92.11000061035156,90.79000091552734,91.87000274658203,783300,0.0,0.0
2015-02-20 00:00:00-05:00,91.68000030517578,92.73999786376953,91.0999984741211,92.73999786376953,842800,0.0,0.0
2015-02-23 00:00:00-05:00,93.0,93.16000366210938,91.80999755859375,91.98999786376953,825400,0.0,0.0
2015-02-24 00:00:00-05:00,91.48999786376953,93.05999755859375,91.05999755859375,93.02999877929688,1233100,0.0,0.0
2015-02-25 00:00:00-05:00,92.48999786376953,95.16999816894531,91.55999755859375,93.94000244140625,2112600,0.0,0.0
2015-02-26 00:00:00-05:00,94.5199966430664,94.72000122070312,84.6500015258789,88.6500015258789,6924000,0.0,0.0
2015-02-27 00:00:00-05:00,88.6500015258789,89.08999633789062,85.30999755859375,85.5,2761700,0.0,0.0
2015-03-02 00:00:00-05:00,85.5999984741211,88.95999908447266,84.80000305175781,88.80999755859375,2342500,0.0,0.0
2015-03-03 00:00:00-05:00,89.12999725341797,90.61000061035156,87.79000091552734,88.12000274658203,2477500,0.0,0.0
2015-03-04 00:00:00-05:00,88.0,88.27999877929688,82.31999969482422,82.63999938964844,3430800,0.0,0.0
2015-03-05 00:00:00-05:00,82.72000122070312,84.41999816894531,81.80999755859375,84.20999908447266,1800000,0.0,0.0
2015-03-06 00:00:00-05:00,83.83000183105469,84.70999908447266,82.19999694824219,82.61000061035156,1313000,0.0,0.0
2015-03-09 00:00:00-04:00,82.66000366210938,83.05000305175781,81.30000305175781,83.02999877929688,1145800,0.0,0.0
2015-03-10 00:00:00-04:00,81.97000122070312,82.0,80.81999969482422,81.29000091552734,1116800,0.0,0.0
2015-03-11 00:00:00-04:00,81.7300033569336,82.97000122070312,80.88999938964844,82.33000183105469,993400,0.0,0.0
2015-03-12 00:00:00-04:00,82.7699966430664,83.62999725341797,82.01000213623047,83.16999816894531,1037600,0.0,0.0
2015-03-13 00:00:00-04:00,82.54000091552734,83.5,81.94999694824219,82.55999755859375,544500,0.0,0.0
2015-03-16 00:00:00-04:00,83.1500015258789,83.91999816894531,82.29000091552734,83.87000274658203,713700,0.0,0.0
2015-03-17 00:00:00-04:00,82.91000366210938,83.87000274658203,82.73999786376953,83.4000015258789,969900,0.0,0.0
2015-03-18 00:00:00-04:00,82.9000015258789,85.5,82.69999694824219,84.88999938964844,1165800,0.0,0.0
2015-03-19 00:00:00-04:00,84.66000366210938,86.0,84.48999786376953,85.3499984741211,952300,0.0,0.0
2015-03-20 00:00:00-04:00,86.0199966430664,86.19000244140625,84.43000030517578,84.91000366210938,1315300,0.0,0.0
2015-03-23 00:00:00-04:00,84.75,86.0,83.88999938964844,85.22000122070312,1201700,0.0,0.0
2015-03-24 00:00:00-04:00,85.08999633789062,87.83999633789062,84.94000244140625,86.48999786376953,1358900,0.0,0.0
2015-03-25 00:00:00-04:00,86.20999908447266,86.37999725341797,82.68000030517578,83.26000213623047,1446800,0.0,0.0
2015-03-26 00:00:00-04:00,82.80999755859375,84.55999755859375,82.5,83.9800033569336,2130900,0.0,0.0
2015-03-27 00:00:00-04:00,83.87999725341797,85.5999984741211,83.19999694824219,85.05999755859375,970400,0.0,0.0
2015-03-30 00:00:00-04:00,85.41000366210938,86.37000274658203,84.48999786376953,86.13999938964844,858000,0.0,0.0
2015-03-31 00:00:00-04:00,85.9000015258789,86.7699966430664,84.2699966430664,84.41000366210938,1173600,0.0,0.0
2015-04-01 00:00:00-04:00,83.58999633789062,84.73999786376953,81.38999938964844,83.41000366210938,2494300,0.0,0.0
2015-04-02 00:00:00-04:00,83.25,86.7300033569336,82.88999938964844,86.2300033569336,1474200,0.0,0.0
2015-04-06 00:00:00-04:00,85.66000366210938,89.33000183105469,85.20999908447266,88.5,1518800,0.0,0.0
2015-04-07 00:00:00-04:00,88.91999816894531,89.31999969482422,87.30999755859375,87.4800033569336,1155600,0.0,0.0
2015-04-08 00:00:00-04:00,87.69000244140625,89.1500015258789,87.26000213623047,88.0,1163500,0.0,0.0
2015-04-09 00:00:00-04:00,88.0199966430664,88.45999908447266,86.62000274658203,87.69000244140625,991400,0.0,0.0
2015-04-10 00:00:00-04:00,87.91000366210938,89.6500015258789,87.66000366210938,88.69999694824219,861300,0.0,0.0
2015-04-13 00:00:00-04:00,88.4000015258789,89.56999969482422,87.16000366210938,87.2699966430664,1706900,0.0,0.0
2015-04-14 00:00:00-04:00,87.25,87.4000015258789,84.94999694824219,86.37999725341797,1120100,0.0,0.0
2015-04-15 00:00:00-04:00,87.11000061035156,88.51000213623047,85.16000366210938,88.18000030517578,1345700,0.0,0.0
2015-04-16 00:00:00-04:00,88.30000305175781,90.29000091552734,88.30000305175781,89.72000122070312,1737000,0.0,0.0
2015-04-17 00:00:00-04:00,87.66999816894531,88.12999725341797,84.16999816894531,84.37000274658203,3560700,0.0,0.0
2015-04-20 00:00:00-04:00,85.0,86.29000091552734,84.20999908447266,86.11000061035156,1677500,0.0,0.0
2015-04-21 00:00:00-04:00,86.56999969482422,87.5,85.83000183105469,86.0199966430664,951700,0.0,0.0
2015-04-22 00:00:00-04:00,85.9000015258789,87.66999816894531,85.44000244140625,87.58999633789062,1055800,0.0,0.0
2015-04-23 00:00:00-04:00,86.76000213623047,88.69999694824219,85.63999938964844,87.9000015258789,904800,0.0,0.0
2015-04-24 00:00:00-04:00,88.45999908447266,89.41000366210938,87.79000091552734,88.52999877929688,819900,0.0,0.0
2015-04-27 00:00:00-04:00,88.5999984741211,89.5199966430664,87.6500015258789,87.7699966430664,617500,0.0,0.0
2015-04-28 00:00:00-04:00,87.91999816894531,88.4000015258789,86.25,86.63999938964844,885700,0.0,0.0
2015-04-29 00:00:00-04:00,86.1500015258789,92.5,85.80000305175781,90.22000122070312,3585200,0.0,0.0
2015-04-30 00:00:00-04:00,89.05000305175781,91.33000183105469,88.95999908447266,91.20999908447266,1680200,0.0,0.0
2015-05-01 00:00:00-04:00,91.20999908447266,91.87000274658203,88.81999969482422,89.5,1160500,0.0,0.0
2015-05-04 00:00:00-04:00,89.48999786376953,91.44999694824219,89.37000274658203,90.73999786376953,753900,0.0,0.0
2015-05-05 00:00:00-04:00,90.13999938964844,92.4800033569336,89.05999755859375,90.06999969482422,1665400,0.0,0.0
2015-05-06 00:00:00-04:00,89.97000122070312,91.30000305175781,88.94000244140625,90.4800033569336,1111400,0.0,0.0
2015-05-07 00:00:00-04:00,90.2300033569336,90.2300033569336,87.69000244140625,89.68000030517578,1425400,0.0,0.0
2015-05-08 00:00:00-04:00,90.26000213623047,91.22000122070312,89.37999725341797,89.51000213623047,611100,0.0,0.0
2015-05-11 00:00:00-04:00,89.5999984741211,90.4800033569336,89.29000091552734,90.26000213623047,708900,0.0,0.0
2015-05-12 00:00:00-04:00,89.4800033569336,89.58999633789062,87.5999984741211,88.41000366210938,1106900,0.0,0.0
2015-05-13 00:00:00-04:00,88.9000015258789,89.95999908447266,88.41000366210938,89.19000244140625,868400,0.0,0.0
2015-05-14 00:00:00-04:00,89.51000213623047,91.91999816894531,88.30000305175781,90.8499984741211,2248400,0.0,0.0
2015-05-15 00:00:00-04:00,90.29000091552734,90.77999877929688,89.55000305175781,90.08000183105469,955700,0.0,0.0
2015-05-18 00:00:00-04:00,90.25,92.36000061035156,90.05999755859375,91.9000015258789,1186600,0.0,0.0
2015-05-19 00:00:00-04:00,91.7699966430664,92.5,90.54000091552734,90.6500015258789,924900,0.0,0.0
2015-05-20 00:00:00-04:00,92.0,92.0,88.80999755859375,90.43000030517578,1637800,0.0,0.0
2015-05-21 00:00:00-04:00,91.69000244140625,92.29000091552734,89.70999908447266,91.81999969482422,1268000,0.0,0.0
2015-05-22 00:00:00-04:00,91.69999694824219,92.72000122070312,91.01000213623047,92.18000030517578,1458000,0.0,0.0
2015-05-26 00:00:00-04:00,91.66999816894531,93.62000274658203,91.5199966430664,92.48999786376953,4304200,0.0,0.0
2015-05-27 00:00:00-04:00,84.02999877929688,85.0,81.13999938964844,82.0,9324300,0.0,0.0
2015-05-28 00:00:00-04:00,82.20999908447266,82.63999938964844,79.69999694824219,80.13999938964844,4362000,0.0,0.0
2015-05-29 00:00:00-04:00,79.88999938964844,80.0199966430664,78.45999908447266,78.91999816894531,3061100,0.0,0.0
2015-06-01 00:00:00-04:00,79.08999633789062,79.54000091552734,78.23999786376953,79.08999633789062,2007800,0.0,0.0
2015-06-02 00:00:00-04:00,79.61000061035156,80.73999786376953,78.68000030517578,79.80000305175781,2205300,0.0,0.0
2015-06-03 00:00:00-04:00,79.5,80.98999786376953,78.55999755859375,80.6500015258789,2248400,0.0,0.0
2015-06-04 00:00:00-04:00,79.97000122070312,80.27999877929688,77.80000305175781,78.20999908447266,1983400,0.0,0.0
2015-06-05 00:00:00-04:00,78.62000274658203,79.58000183105469,77.5,79.37999725341797,1320000,0.0,0.0
2015-06-08 00:00:00-04:00,79.2699966430664,79.37999725341797,77.18000030517578,78.04000091552734,1313700,0.0,0.0
2015-06-09 00:00:00-04:00,78.16999816894531,78.36000061035156,77.05000305175781,78.12999725341797,896900,0.0,0.0
2015-06-10 00:00:00-04:00,78.31999969482422,79.72000122070312,78.13999938964844,79.5999984741211,1793000,0.0,0.0
2015-06-11 00:00:00-04:00,79.98999786376953,80.48999786376953,79.33999633789062,80.05999755859375,1507800,0.0,0.0
2015-06-12 00:00:00-04:00,79.91000366210938,80.01000213623047,79.02999877929688,79.62999725341797,1495900,0.0,0.0
2015-06-15 00:00:00-04:00,78.8499984741211,79.69000244140625,78.02999877929688,79.56999969482422,712000,0.0,0.0
2015-06-16 00:00:00-04:00,79.31999969482422,79.91000366210938,78.5,78.98999786376953,669100,0.0,0.0
2015-06-17 00:00:00-04:00,79.5,79.5,78.62000274658203,79.0999984741211,900100,0.0,0.0
2015-06-18 00:00:00-04:00,78.95999908447266,80.51000213623047,78.73999786376953,80.47000122070312,1079900,0.0,0.0
2015-06-19 00:00:00-04:00,80.4800033569336,80.4800033569336,79.51000213623047,79.97000122070312,1124700,0.0,0.0
2015-06-22 00:00:00-04:00,80.37000274658203,81.02999877929688,80.0999984741211,80.3499984741211,913000,0.0,0.0
2015-06-23 00:00:00-04:00,80.56999969482422,81.54000091552734,80.1500015258789,81.45999908447266,1050200,0.0,0.0
2015-06-24 00:00:00-04:00,81.19999694824219,81.51000213623047,78.63999938964844,79.19999694824219,1113400,0.0,0.0
2015-06-25 00:00:00-04:00,79.36000061035156,80.2300033569336,79.13999938964844,79.54000091552734,710300,0.0,0.0
2015-06-26 00:00:00-04:00,79.73999786376953,79.73999786376953,77.97000122070312,78.5999984741211,1290300,0.0,0.0
2015-06-29 00:00:00-04:00,77.48999786376953,78.08000183105469,76.11000061035156,76.30999755859375,1175800,0.0,0.0
2015-06-30 00:00:00-04:00,77.1500015258789,77.2699966430664,75.69999694824219,76.38999938964844,1077500,0.0,0.0
2015-07-01 00:00:00-04:00,76.95999908447266,77.51000213623047,75.2300033569336,75.9000015258789,1277000,0.0,0.0
2015-07-02 00:00:00-04:00,75.80000305175781,76.18000030517578,75.16000366210938,75.79000091552734,821600,0.0,0.0
2015-07-06 00:00:00-04:00,75.0999984741211,76.80999755859375,74.26000213623047,76.68000030517578,1554100,0.0,0.0
2015-07-07 00:00:00-04:00,76.55999755859375,78.18000030517578,75.43000030517578,77.6500015258789,1473200,0.0,0.0
2015-07-08 00:00:00-04:00,76.9000015258789,77.70999908447266,76.33000183105469,76.83000183105469,1101200,0.0,0.0
2015-07-09 00:00:00-04:00,78.30000305175781,79.2300033569336,77.41999816894531,77.95999908447266,1292900,0.0,0.0
2015-07-10 00:00:00-04:00,78.77999877929688,79.88999938964844,78.70999908447266,79.5199966430664,1381200,0.0,0.0
2015-07-13 00:00:00-04:00,79.91000366210938,80.37999725341797,78.86000061035156,79.2699966430664,1192900,0.0,0.0
2015-07-14 00:00:00-04:00,80.08000183105469,82.97000122070312,79.95999908447266,82.18000030517578,1974900,0.0,0.0
2015-07-15 00:00:00-04:00,82.19000244140625,83.5199966430664,81.58000183105469,83.20999908447266,2187900,0.0,0.0
2015-07-16 00:00:00-04:00,83.25,84.7699966430664,83.22000122070312,84.44999694824219,2261400,0.0,0.0
2015-07-17 00:00:00-04:00,84.69999694824219,84.95999908447266,83.9000015258789,84.69999694824219,2465300,0.0,0.0
2015-07-20 00:00:00-04:00,84.76000213623047,85.25,83.98999786376953,84.5999984741211,944700,0.0,0.0
2015-07-21 00:00:00-04:00,84.58999633789062,84.98999786376953,83.37000274658203,84.7699966430664,935600,0.0,0.0
2015-07-22 00:00:00-04:00,84.58000183105469,84.86000061035156,83.87000274658203,83.98999786376953,644000,0.0,0.0
2015-07-23 00:00:00-04:00,84.0,84.31999969482422,82.5,83.0199966430664,1091000,0.0,0.0
2015-07-24 00:00:00-04:00,83.41000366210938,83.95999908447266,82.51000213623047,82.58999633789062,1092700,0.0,0.0
2015-07-27 00:00:00-04:00,81.98999786376953,82.56999969482422,80.0999984741211,81.08000183105469,1409000,0.0,0.0
2015-07-28 00:00:00-04:00,81.55999755859375,83.4000015258789,79.58999633789062,83.1500015258789,1296100,0.0,0.0
2015-07-29 00:00:00-04:00,82.0,83.52999877929688,80.87999725341797,83.38999938964844,1196100,0.0,0.0
2015-07-30 00:00:00-04:00,83.2699966430664,83.79000091552734,82.27999877929688,83.75,653100,0.0,0.0
2015-07-31 00:00:00-04:00,83.4800033569336,84.41999816894531,83.31999969482422,84.33000183105469,965500,0.0,0.0
2015-08-03 00:00:00-04:00,84.2699966430664,84.47000122070312,83.12000274658203,84.0,652500,0.0,0.0
2015-08-04 00:00:00-04:00,83.7699966430664,84.37000274658203,82.72000122070312,82.80000305175781,830600,0.0,0.0
2015-08-05 00:00:00-04:00,83.77999877929688,84.63999938964844,83.31999969482422,83.4000015258789,895700,0.0,0.0
2015-08-06 00:00:00-04:00,83.5199966430664,83.98999786376953,80.76000213623047,81.91999816894531,768100,0.0,0.0
2015-08-07 00:00:00-04:00,81.87000274658203,83.08999633789062,81.37999725341797,82.51000213623047,664100,0.0,0.0
2015-08-10 00:00:00-04:00,82.87000274658203,83.63999938964844,82.44000244140625,83.25,520500,0.0,0.0
2015-08-11 00:00:00-04:00,82.41000366210938,84.54000091552734,82.30999755859375,83.05999755859375,918600,0.0,0.0
2015-08-12 00:00:00-04:00,82.61000061035156,83.36000061035156,80.5199966430664,82.95999908447266,1148700,0.0,0.0
2015-08-13 00:00:00-04:00,83.0999984741211,83.77999877929688,82.16999816894531,82.26000213623047,584500,0.0,0.0
2015-08-14 00:00:00-04:00,82.12000274658203,84.58999633789062,82.05000305175781,84.18000030517578,1228600,0.0,0.0
2015-08-17 00:00:00-04:00,83.58999633789062,84.83999633789062,83.2300033569336,84.80000305175781,764200,0.0,0.0
2015-08-18 00:00:00-04:00,84.06999969482422,84.80000305175781,82.45999908447266,82.58000183105469,966900,0.0,0.0
2015-08-19 00:00:00-04:00,82.30999755859375,83.47000122070312,81.01000213623047,82.37999725341797,826200,0.0,0.0
2015-08-20 00:00:00-04:00,81.70999908447266,82.16000366210938,76.95999908447266,77.0199966430664,2194200,0.0,0.0
2015-08-21 00:00:00-04:00,74.55000305175781,75.37999725341797,71.2699966430664,71.83999633789062,4094900,0.0,0.0
2015-08-24 00:00:00-04:00,65.83999633789062,70.33999633789062,65.33000183105469,69.33999633789062,4423500,0.0,0.0
2015-08-25 00:00:00-04:00,72.5,73.54000091552734,70.0199966430664,70.0199966430664,1924000,0.0,0.0
2015-08-26 00:00:00-04:00,71.73999786376953,72.63999938964844,69.66000366210938,72.4000015258789,3391800,0.0,0.0
2015-08-27 00:00:00-04:00,71.8499984741211,76.58000183105469,71.48999786376953,75.37000274658203,7361100,0.0,0.0
2015-08-28 00:00:00-04:00,75.0,75.0,72.22000122070312,72.76000213623047,2338300,0.0,0.0
2015-08-31 00:00:00-04:00,72.62000274658203,72.77999877929688,69.97000122070312,70.26000213623047,2103100,0.0,0.0
2015-09-01 00:00:00-04:00,68.86000061035156,70.87000274658203,68.7300033569336,69.58999633789062,2337300,0.0,0.0
2015-09-02 00:00:00-04:00,70.5,71.56999969482422,69.33999633789062,71.11000061035156,1605300,0.0,0.0
2015-09-03 00:00:00-04:00,71.54000091552734,72.97000122070312,71.06999969482422,71.69000244140625,1015300,0.0,0.0
2015-09-04 00:00:00-04:00,70.62999725341797,70.7699966430664,69.94000244140625,70.08999633789062,1075400,0.0,0.0
2015-09-08 00:00:00-04:00,71.18000030517578,72.13999938964844,70.30999755859375,71.7699966430664,1485600,0.0,0.0
2015-09-09 00:00:00-04:00,72.26000213623047,72.6500015258789,70.01000213623047,70.2699966430664,1097600,0.0,0.0
2015-09-10 00:00:00-04:00,69.94999694824219,70.7699966430664,69.37999725341797,70.16000366210938,1348800,0.0,0.0
2015-09-11 00:00:00-04:00,70.55999755859375,71.38999938964844,70.08999633789062,71.36000061035156,1068000,0.0,0.0
2015-09-14 00:00:00-04:00,71.27999877929688,71.37999725341797,69.55000305175781,69.87000274658203,974500,0.0,0.0
2015-09-15 00:00:00-04:00,70.13999938964844,71.33000183105469,69.72000122070312,70.66999816894531,1326200,0.0,0.0
2015-09-16 00:00:00-04:00,70.80000305175781,72.33999633789062,70.51000213623047,71.95999908447266,1159800,0.0,0.0
2015-09-17 00:00:00-04:00,71.61000061035156,73.2699966430664,71.05999755859375,72.0199966430664,1380400,0.0,0.0
2015-09-18 00:00:00-04:00,71.22000122070312,73.70999908447266,71.05000305175781,73.48999786376953,1719300,0.0,0.0
2015-09-21 00:00:00-04:00,74.0999984741211,74.37999725341797,72.6500015258789,73.18000030517578,1408400,0.0,0.0
2015-09-22 00:00:00-04:00,72.69999694824219,73.12999725341797,71.68000030517578,72.88999938964844,1190300,0.0,0.0
2015-09-23 00:00:00-04:00,72.68000030517578,73.37000274658203,71.75,72.62999725341797,844700,0.0,0.0
2015-09-24 00:00:00-04:00,71.95999908447266,72.55000305175781,70.37000274658203,72.48999786376953,1406200,0.0,0.0
2015-09-25 00:00:00-04:00,73.2300033569336,74.2300033569336,71.66999816894531,72.56999969482422,1763600,0.0,0.0
2015-09-28 00:00:00-04:00,71.80999755859375,72.51000213623047,69.87000274658203,70.55000305175781,1721100,0.0,0.0
2015-09-29 00:00:00-04:00,70.25,71.54000091552734,68.7699966430664,70.69999694824219,2008500,0.0,0.0
2015-09-30 00:00:00-04:00,69.87000274658203,71.19000244140625,66.36000061035156,68.86000061035156,4206800,0.0,0.0
2015-10-01 00:00:00-04:00,69.51000213623047,72.29000091552734,69.33000183105469,72.19999694824219,3420500,0.0,0.0
2015-10-02 00:00:00-04:00,70.94999694824219,74.7699966430664,69.7699966430664,74.08999633789062,2431000,0.0,0.0
2015-10-05 00:00:00-04:00,74.30000305175781,76.45999908447266,73.83999633789062,75.5,1914400,0.0,0.0
2015-10-06 00:00:00-04:00,75.63999938964844,75.98999786376953,74.16000366210938,74.8499984741211,1129800,0.0,0.0
2015-10-07 00:00:00-04:00,75.38999938964844,76.38999938964844,74.25,76.36000061035156,1006500,0.0,0.0
2015-10-08 00:00:00-04:00,76.05999755859375,76.19999694824219,73.83999633789062,75.86000061035156,1985700,0.0,0.0
2015-10-09 00:00:00-04:00,76.23999786376953,77.69000244140625,75.76000213623047,77.56999969482422,1046000,0.0,0.0
2015-10-12 00:00:00-04:00,77.5199966430664,78.37000274658203,77.0999984741211,77.51000213623047,804200,0.0,0.0
2015-10-13 00:00:00-04:00,77.55000305175781,78.62000274658203,76.41000366210938,76.5,1233300,0.0,0.0
2015-10-14 00:00:00-04:00,76.3499984741211,76.9000015258789,74.75,74.93000030517578,851400,0.0,0.0
2015-10-15 00:00:00-04:00,75.0999984741211,77.79000091552734,74.76000213623047,77.29000091552734,1996300,0.0,0.0
2015-10-16 00:00:00-04:00,77.66999816894531,78.77999877929688,77.16000366210938,78.69000244140625,690200,0.0,0.0
2015-10-19 00:00:00-04:00,78.44000244140625,79.4000015258789,77.81999969482422,78.52999877929688,860300,0.0,0.0
2015-10-20 00:00:00-04:00,79.0199966430664,79.94999694824219,78.18000030517578,79.87999725341797,1546000,0.0,0.0
2015-10-21 00:00:00-04:00,79.37000274658203,79.98999786376953,77.30999755859375,78.2300033569336,1824000,0.0,0.0
2015-10-22 00:00:00-04:00,78.51000213623047,81.02999877929688,78.2699966430664,79.88999938964844,1780700,0.0,0.0
2015-10-23 00:00:00-04:00,81.1500015258789,81.1500015258789,78.1500015258789,79.8499984741211,1818600,0.0,0.0
2015-10-26 00:00:00-04:00,79.91000366210938,80.22000122070312,78.4000015258789,78.94999694824219,1099500,0.0,0.0
2015-10-27 00:00:00-04:00,78.79000091552734,78.91999816894531,76.75,77.19999694824219,976600,0.0,0.0
2015-10-28 00:00:00-04:00,77.56999969482422,78.80999755859375,76.63999938964844,78.80000305175781,1381100,0.0,0.0
2015-10-29 00:00:00-04:00,78.91999816894531,79.08000183105469,77.95999908447266,78.44999694824219,520400,0.0,0.0
2015-10-30 00:00:00-04:00,78.75,79.83999633789062,77.87000274658203,78.97000122070312,767500,0.0,0.0
2015-11-02 00:00:00-05:00,79.4800033569336,81.5999984741211,78.81999969482422,81.3499984741211,1066300,0.0,0.0
2015-11-03 00:00:00-05:00,80.88999938964844,81.45999908447266,80.04000091552734,80.20999908447266,1151400,0.0,0.0
2015-11-04 00:00:00-05:00,80.4000015258789,81.38999938964844,79.98999786376953,80.25,712800,0.0,0.0
2015-11-05 00:00:00-05:00,80.08999633789062,80.52999877929688,77.9000015258789,78.56999969482422,1448100,0.0,0.0
2015-11-06 00:00:00-05:00,79.06999969482422,82.2300033569336,78.51000213623047,82.18000030517578,1086900,0.0,0.0
2015-11-09 00:00:00-05:00,81.86000061035156,82.26000213623047,80.23999786376953,81.54000091552734,915300,0.0,0.0
2015-11-10 00:00:00-05:00,81.0199966430664,81.98999786376953,80.30999755859375,81.5199966430664,851600,0.0,0.0
2015-11-11 00:00:00-05:00,81.75,82.4000015258789,81.05999755859375,82.0,961800,0.0,0.0
2015-11-12 00:00:00-05:00,81.47000122070312,82.94999694824219,81.2300033569336,81.91999816894531,911600,0.0,0.0
2015-11-13 00:00:00-05:00,81.87000274658203,81.87000274658203,78.77999877929688,78.91000366210938,1971400,0.0,0.0
2015-11-16 00:00:00-05:00,79.18000030517578,80.70999908447266,78.58999633789062,80.58999633789062,1760900,0.0,0.0
2015-11-17 00:00:00-05:00,80.68000030517578,80.98999786376953,79.01000213623047,80.93000030517578,1166500,0.0,0.0
2015-11-18 00:00:00-05:00,81.1500015258789,83.87999725341797,81.02999877929688,83.68000030517578,2450700,0.0,0.0
2015-11-19 00:00:00-05:00,83.93000030517578,85.66999816894531,83.19999694824219,84.30000305175781,3346000,0.0,0.0
2015-11-20 00:00:00-05:00,78.44000244140625,83.81999969482422,78.06999969482422,83.11000061035156,4416000,0.0,0.0
2015-11-23 00:00:00-05:00,82.44000244140625,82.5,80.20999908447266,80.4800033569336,1753200,0.0,0.0
2015-11-24 00:00:00-05:00,80.12000274658203,83.1500015258789,79.8499984741211,82.69999694824219,1065800,0.0,0.0
2015-11-25 00:00:00-05:00,82.86000061035156,83.72000122070312,82.5,83.3499984741211,681600,0.0,0.0
2015-11-27 00:00:00-05:00,83.12000274658203,83.77999877929688,82.55000305175781,83.22000122070312,387000,0.0,0.0
2015-11-30 00:00:00-05:00,83.4000015258789,83.83999633789062,82.70999908447266,83.70999908447266,1130700,0.0,0.0
2015-12-01 00:00:00-05:00,83.94999694824219,84.62000274658203,83.51000213623047,84.4800033569336,835300,0.0,0.0
2015-12-02 00:00:00-05:00,84.37999725341797,85.30999755859375,83.69000244140625,84.08000183105469,625700,0.0,0.0
2015-12-03 00:00:00-05:00,84.2300033569336,85.48999786376953,82.73999786376953,83.61000061035156,799000,0.0,0.0
2015-12-04 00:00:00-05:00,84.04000091552734,85.20999908447266,83.38999938964844,84.58000183105469,924300,0.0,0.0
2015-12-07 00:00:00-05:00,83.91000366210938,84.4000015258789,82.13999938964844,82.9800033569336,934300,0.0,0.0
2015-12-08 00:00:00-05:00,82.1500015258789,83.94999694824219,81.45999908447266,83.61000061035156,661500,0.0,0.0
2015-12-09 00:00:00-05:00,83.30999755859375,84.37999725341797,83.0199966430664,83.38999938964844,1160700,0.0,0.0
2015-12-10 00:00:00-05:00,83.05000305175781,83.97000122070312,82.5,83.80999755859375,1094400,0.0,0.0
2015-12-11 00:00:00-05:00,83.0199966430664,83.4000015258789,78.75,78.9800033569336,1681200,0.0,0.0
2015-12-14 00:00:00-05:00,79.12000274658203,80.0,78.19000244140625,79.0,1080000,0.0,0.0
2015-12-15 00:00:00-05:00,79.51000213623047,79.66999816894531,78.30999755859375,78.97000122070312,1300800,0.0,0.0
2015-12-16 00:00:00-05:00,79.43000030517578,81.48999786376953,79.08999633789062,81.29000091552734,891700,0.0,0.0
2015-12-17 00:00:00-05:00,81.5999984741211,81.87999725341797,79.66999816894531,80.5199966430664,814100,0.0,0.0
2015-12-18 00:00:00-05:00,79.80000305175781,80.41000366210938,78.41999816894531,78.55000305175781,1515800,0.0,0.0
2015-12-21 00:00:00-05:00,79.27999877929688,79.33000183105469,77.48999786376953,78.55000305175781,888500,0.0,0.0
2015-12-22 00:00:00-05:00,79.22000122070312,79.83999633789062,78.51000213623047,79.23999786376953,704600,0.0,0.0
2015-12-23 00:00:00-05:00,79.63999938964844,80.5,79.05999755859375,79.83999633789062,646300,0.0,0.0
2015-12-24 00:00:00-05:00,79.62000274658203,80.0999984741211,78.77999877929688,79.68000030517578,282700,0.0,0.0
2015-12-28 00:00:00-05:00,79.51000213623047,79.88999938964844,78.73999786376953,79.61000061035156,479900,0.0,0.0
2015-12-29 00:00:00-05:00,79.91999816894531,80.23999786376953,79.44000244140625,79.75,604200,0.0,0.0
2015-12-30 00:00:00-05:00,79.87000274658203,81.30999755859375,79.80999755859375,80.27999877929688,620000,0.0,0.0
2015-12-31 00:00:00-05:00,79.87999725341797,80.83999633789062,79.2699966430664,79.68000030517578,685700,0.0,0.0
2016-01-04 00:00:00-05:00,77.79000091552734,78.6500015258789,76.54000091552734,77.76000213623047,1426700,0.0,0.0
2016-01-05 00:00:00-05:00,78.33000183105469,78.51000213623047,77.0,77.23999786376953,679200,0.0,0.0
2016-01-06 00:00:00-05:00,75.0199966430664,75.51000213623047,73.70999908447266,74.4000015258789,2187600,0.0,0.0
2016-01-07 00:00:00-05:00,72.80999755859375,73.7699966430664,71.02999877929688,71.75,1662400,0.0,0.0
2016-01-08 00:00:00-05:00,72.16000366210938,72.83000183105469,70.69999694824219,71.06999969482422,1463200,0.0,0.0
2016-01-11 00:00:00-05:00,71.2300033569336,71.87000274658203,68.6500015258789,70.25,1764700,0.0,0.0
2016-01-12 00:00:00-05:00,71.30000305175781,73.76000213623047,70.37999725341797,71.9000015258789,1984400,0.0,0.0
2016-01-13 00:00:00-05:00,71.80999755859375,72.88999938964844,68.9000015258789,71.26000213623047,2250200,0.0,0.0
2016-01-14 00:00:00-05:00,71.91000366210938,72.37000274658203,69.54000091552734,70.5,6579300,0.0,0.0
2016-01-15 00:00:00-05:00,68.44999694824219,69.25,67.47000122070312,67.87000274658203,3124700,0.0,0.0
2016-01-19 00:00:00-05:00,68.55999755859375,68.86000061035156,65.11000061035156,66.0999984741211,3251800,0.0,0.0
2016-01-20 00:00:00-05:00,64.94999694824219,68.25,62.81999969482422,67.48999786376953,2906900,0.0,0.0
2016-01-21 00:00:00-05:00,67.48999786376953,69.9000015258789,65.76000213623047,68.5999984741211,2311300,0.0,0.0
2016-01-22 00:00:00-05:00,69.75,70.69999694824219,69.0,69.47000122070312,1068100,0.0,0.0
2016-01-25 00:00:00-05:00,69.43000030517578,69.52999877929688,67.20999908447266,67.37000274658203,1144200,0.0,0.0
2016-01-26 00:00:00-05:00,67.5,67.52999877929688,65.23999786376953,66.6500015258789,1628100,0.0,0.0
2016-01-27 00:00:00-05:00,65.83000183105469,66.47000122070312,63.70000076293945,64.5,1891400,0.0,0.0
2016-01-28 00:00:00-05:00,63.2400016784668,63.900001525878906,60.16999816894531,62.029998779296875,4898000,0.0,0.0
2016-01-29 00:00:00-05:00,62.709999084472656,64.19999694824219,62.04999923706055,63.0099983215332,2059100,0.0,0.0
2016-02-01 00:00:00-05:00,62.560001373291016,65.9000015258789,62.5,64.83999633789062,2295300,0.0,0.0
2016-02-02 00:00:00-05:00,64.22000122070312,64.83999633789062,61.689998626708984,61.790000915527344,2709200,0.0,0.0
2016-02-03 00:00:00-05:00,62.40999984741211,63.5,60.56999969482422,63.060001373291016,1749000,0.0,0.0
2016-02-04 00:00:00-05:00,62.9900016784668,65.08000183105469,62.36000061035156,64.83999633789062,1839000,0.0,0.0
2016-02-05 00:00:00-05:00,61.4900016784668,61.4900016784668,53.130001068115234,54.2400016784668,8495600,0.0,0.0
2016-02-08 00:00:00-05:00,51.939998626708984,52.29999923706055,47.61000061035156,48.970001220703125,5970900,0.0,0.0
2016-02-09 00:00:00-05:00,48.36000061035156,52.209999084472656,47.31999969482422,48.900001525878906,5572600,0.0,0.0
2016-02-10 00:00:00-05:00,49.7400016784668,51.93000030517578,49.29999923706055,49.959999084472656,2819300,0.0,0.0
2016-02-11 00:00:00-05:00,49.2400016784668,50.630001068115234,47.880001068115234,50.33000183105469,2942400,0.0,0.0
2016-02-12 00:00:00-05:00,50.91999816894531,52.41999816894531,48.56999969482422,49.25,2176600,0.0,0.0
2016-02-16 00:00:00-05:00,49.369998931884766,51.630001068115234,48.86000061035156,50.529998779296875,1970100,0.0,0.0
2016-02-17 00:00:00-05:00,50.689998626708984,55.880001068115234,50.689998626708984,54.779998779296875,3865600,0.0,0.0
2016-02-18 00:00:00-05:00,54.529998779296875,55.63999938964844,53.45000076293945,54.040000915527344,2059600,0.0,0.0
2016-02-19 00:00:00-05:00,54.720001220703125,58.189998626708984,54.720001220703125,57.119998931884766,3482900,0.0,0.0
2016-02-22 00:00:00-05:00,57.77000045776367,59.2400016784668,56.84000015258789,57.31999969482422,2080500,0.0,0.0
2016-02-23 00:00:00-05:00,57.09000015258789,57.650001525878906,56.400001525878906,56.529998779296875,1678600,0.0,0.0
2016-02-24 00:00:00-05:00,56.08000183105469,58.619998931884766,54.349998474121094,57.560001373291016,3705900,0.0,0.0
2016-02-25 00:00:00-05:00,58.939998626708984,61.400001525878906,57.2599983215332,59.380001068115234,3490000,0.0,0.0
2016-02-26 00:00:00-05:00,60.0,61.18000030517578,58.650001525878906,59.52000045776367,4000300,0.0,0.0
2016-02-29 00:00:00-05:00,59.47999954223633,61.7400016784668,59.0,60.45000076293945,4431300,0.0,0.0
2016-03-01 00:00:00-05:00,65.19000244140625,71.9000015258789,63.61000061035156,71.73999786376953,12030000,0.0,0.0
2016-03-02 00:00:00-05:00,70.88999938964844,72.12999725341797,70.05999755859375,71.91000366210938,4869700,0.0,0.0
2016-03-03 00:00:00-05:00,71.80000305175781,74.44000244140625,70.56999969482422,74.30000305175781,3178100,0.0,0.0
2016-03-04 00:00:00-05:00,73.13999938964844,75.5,72.80999755859375,73.11000061035156,3270200,0.0,0.0
2016-03-07 00:00:00-05:00,72.41000366210938,74.66999816894531,71.30000305175781,72.55000305175781,3708600,0.0,0.0
2016-03-08 00:00:00-05:00,72.04000091552734,72.51000213623047,70.55000305175781,71.2300033569336,2695400,0.0,0.0
2016-03-09 00:00:00-05:00,71.70999908447266,72.9800033569336,71.16000366210938,72.87999725341797,1637800,0.0,0.0
2016-03-10 00:00:00-05:00,73.36000061035156,73.94000244140625,69.31999969482422,71.69000244140625,3084500,0.0,0.0
2016-03-11 00:00:00-05:00,72.4800033569336,72.86000061035156,70.47000122070312,71.19000244140625,2632600,0.0,0.0
2016-03-14 00:00:00-04:00,70.98999786376953,72.76000213623047,70.56999969482422,72.55000305175781,1663400,0.0,0.0
2016-03-15 00:00:00-04:00,71.76000213623047,71.98999786376953,69.33999633789062,70.2699966430664,2721200,0.0,0.0
2016-03-16 00:00:00-04:00,69.79000091552734,72.33999633789062,69.05999755859375,71.38999938964844,3046900,0.0,0.0
2016-03-17 00:00:00-04:00,70.95999908447266,71.93000030517578,69.55999755859375,70.16000366210938,2121600,0.0,0.0
2016-03-18 00:00:00-04:00,70.4000015258789,72.30999755859375,69.88999938964844,72.0,2136200,0.0,0.0
2016-03-21 00:00:00-04:00,72.0,73.98999786376953,71.68000030517578,73.02999877929688,1927200,0.0,0.0
2016-03-22 00:00:00-04:00,72.19000244140625,73.16999816894531,71.62000274658203,72.0,1394000,0.0,0.0
2016-03-23 00:00:00-04:00,72.18000030517578,72.4800033569336,70.94999694824219,71.26000213623047,1324700,0.0,0.0
2016-03-24 00:00:00-04:00,70.91999816894531,72.19000244140625,70.2699966430664,72.05000305175781,1479200,0.0,0.0
2016-03-28 00:00:00-04:00,72.16000366210938,72.54000091552734,71.0199966430664,72.19999694824219,1291200,0.0,0.0
2016-03-29 00:00:00-04:00,71.93000030517578,74.52999877929688,71.43000030517578,74.33999633789062,1955600,0.0,0.0
2016-03-30 00:00:00-04:00,74.6500015258789,76.5999984741211,74.41000366210938,76.13999938964844,2340400,0.0,0.0
2016-03-31 00:00:00-04:00,75.87999725341797,77.41000366210938,75.36000061035156,76.83999633789062,2214200,0.0,0.0
2016-04-01 00:00:00-04:00,76.44000244140625,78.94000244140625,76.0,78.5999984741211,2777300,0.0,0.0
2016-04-04 00:00:00-04:00,78.5999984741211,80.0,78.37000274658203,78.91999816894531,1686700,0.0,0.0
2016-04-05 00:00:00-04:00,78.30999755859375,79.05999755859375,77.52999877929688,78.12999725341797,1408400,0.0,0.0
2016-04-06 00:00:00-04:00,77.91000366210938,79.29000091552734,77.16000366210938,79.01000213623047,1785700,0.0,0.0
2016-04-07 00:00:00-04:00,78.41000366210938,78.83999633789062,77.18000030517578,77.9800033569336,1971900,0.0,0.0
2016-04-08 00:00:00-04:00,78.47000122070312,78.97000122070312,77.01000213623047,78.29000091552734,1143500,0.0,0.0
2016-04-11 00:00:00-04:00,78.9800033569336,78.98999786376953,76.95999908447266,77.02999877929688,1043700,0.0,0.0
2016-04-12 00:00:00-04:00,76.81999969482422,77.26000213623047,75.04000091552734,76.41000366210938,1324700,0.0,0.0
2016-04-13 00:00:00-04:00,76.94999694824219,79.0,76.69000244140625,78.87000274658203,1303600,0.0,0.0
2016-04-14 00:00:00-04:00,78.56999969482422,78.91999816894531,77.5,77.66999816894531,1264100,0.0,0.0
2016-04-15 00:00:00-04:00,77.3499984741211,77.63999938964844,75.51000213623047,76.80000305175781,2270200,0.0,0.0
2016-04-18 00:00:00-04:00,76.43000030517578,78.76000213623047,76.2300033569336,77.66000366210938,1419700,0.0,0.0
2016-04-19 00:00:00-04:00,78.0,78.02999877929688,74.77999877929688,75.37999725341797,1738600,0.0,0.0
2016-04-20 00:00:00-04:00,75.73999786376953,76.81999969482422,74.31999969482422,76.26000213623047,1297600,0.0,0.0
2016-04-21 00:00:00-04:00,78.23999786376953,79.9000015258789,77.30000305175781,77.44000244140625,1975900,0.0,0.0
2016-04-22 00:00:00-04:00,76.80999755859375,77.48999786376953,75.19999694824219,76.94999694824219,1300200,0.0,0.0
2016-04-25 00:00:00-04:00,75.44000244140625,76.69999694824219,75.33000183105469,76.2300033569336,1241400,0.0,0.0
2016-04-26 00:00:00-04:00,76.44999694824219,76.69999694824219,75.5,76.26000213623047,1003300,0.0,0.0
2016-04-27 00:00:00-04:00,76.13999938964844,76.69000244140625,75.25,75.93000030517578,742200,0.0,0.0
2016-04-28 00:00:00-04:00,75.81999969482422,76.91000366210938,74.9000015258789,75.16999816894531,806400,0.0,0.0
2016-04-29 00:00:00-04:00,75.58999633789062,76.26000213623047,73.7699966430664,74.9800033569336,982200,0.0,0.0
2016-05-02 00:00:00-04:00,74.94999694824219,75.55999755859375,74.06999969482422,75.44999694824219,1040900,0.0,0.0
2016-05-03 00:00:00-04:00,74.44999694824219,74.79000091552734,71.38999938964844,72.4000015258789,1891700,0.0,0.0
2016-05-04 00:00:00-04:00,72.12000274658203,72.27999877929688,70.55000305175781,71.2699966430664,1284900,0.0,0.0
2016-05-05 00:00:00-04:00,71.41000366210938,72.94999694824219,71.12000274658203,71.5199966430664,1471900,0.0,0.0
2016-05-06 00:00:00-04:00,70.58000183105469,71.81999969482422,69.19000244140625,70.97000122070312,1892400,0.0,0.0
2016-05-09 00:00:00-04:00,69.0999984741211,70.94999694824219,69.0,70.2300033569336,1379700,0.0,0.0
2016-05-10 00:00:00-04:00,70.2699966430664,72.68000030517578,70.23999786376953,72.61000061035156,1213900,0.0,0.0
2016-05-11 00:00:00-04:00,72.26000213623047,72.80000305175781,71.56999969482422,71.61000061035156,830300,0.0,0.0
2016-05-12 00:00:00-04:00,72.0,72.16000366210938,70.45999908447266,71.05000305175781,1300300,0.0,0.0
2016-05-13 00:00:00-04:00,71.0199966430664,71.70999908447266,70.20999908447266,70.6500015258789,1116100,0.0,0.0
2016-05-16 00:00:00-04:00,70.75,72.70999908447266,70.51000213623047,72.41000366210938,1234900,0.0,0.0
2016-05-17 00:00:00-04:00,72.27999877929688,73.2300033569336,71.62999725341797,71.83000183105469,1060300,0.0,0.0
2016-05-18 00:00:00-04:00,71.54000091552734,73.66000366210938,71.4000015258789,72.72000122070312,828600,0.0,0.0
2016-05-19 00:00:00-04:00,73.0999984741211,75.41999816894531,72.69999694824219,73.58000183105469,2142900,0.0,0.0
2016-05-20 00:00:00-04:00,74.20999908447266,75.31999969482422,73.55999755859375,75.26000213623047,1411400,0.0,0.0
2016-05-23 00:00:00-04:00,75.02999877929688,75.87000274658203,74.62000274658203,75.19000244140625,928400,0.0,0.0
2016-05-24 00:00:00-04:00,75.19000244140625,77.23999786376953,75.0,76.94000244140625,1104100,0.0,0.0
2016-05-25 00:00:00-04:00,77.47000122070312,78.56999969482422,77.26000213623047,77.81999969482422,1374400,0.0,0.0
2016-05-26 00:00:00-04:00,77.87000274658203,78.93000030517578,77.81999969482422,78.0,1256000,0.0,0.0
2016-05-27 00:00:00-04:00,75.62999725341797,76.4000015258789,73.5999984741211,76.02999877929688,3469800,0.0,0.0
2016-05-31 00:00:00-04:00,75.98999786376953,77.13999938964844,75.41000366210938,75.83999633789062,4926600,0.0,0.0
2016-06-01 00:00:00-04:00,74.5,77.98999786376953,73.5,77.37999725341797,5031200,0.0,0.0
2016-06-02 00:00:00-04:00,77.0,78.19999694824219,76.45999908447266,78.18000030517578,2701100,0.0,0.0
2016-06-03 00:00:00-04:00,77.69000244140625,80.16000366210938,77.18000030517578,80.13999938964844,3152700,0.0,0.0
2016-06-06 00:00:00-04:00,80.25,82.0,79.83000183105469,81.83999633789062,2289600,0.0,0.0
2016-06-07 00:00:00-04:00,81.63999938964844,82.0,80.81999969482422,81.31999969482422,1352000,0.0,0.0
2016-06-08 00:00:00-04:00,81.56999969482422,81.61000061035156,80.43000030517578,80.45999908447266,1171600,0.0,0.0
2016-06-09 00:00:00-04:00,79.66999816894531,80.51000213623047,79.18000030517578,79.88999938964844,1216200,0.0,0.0
2016-06-10 00:00:00-04:00,79.2300033569336,79.3499984741211,77.31999969482422,77.62999725341797,1336100,0.0,0.0
2016-06-13 00:00:00-04:00,77.4800033569336,79.94000244140625,77.31999969482422,78.88999938964844,1958400,0.0,0.0
2016-06-14 00:00:00-04:00,78.41999816894531,81.22000122070312,78.33000183105469,80.8499984741211,2153200,0.0,0.0
2016-06-15 00:00:00-04:00,80.38999938964844,81.55999755859375,80.01000213623047,80.2300033569336,1688700,0.0,0.0
2016-06-16 00:00:00-04:00,79.41999816894531,79.68000030517578,78.12000274658203,79.30000305175781,1589000,0.0,0.0
2016-06-17 00:00:00-04:00,79.0,79.26000213623047,78.27999877929688,78.5999984741211,1596000,0.0,0.0
2016-06-20 00:00:00-04:00,79.51000213623047,80.38999938964844,79.08999633789062,79.33000183105469,1400300,0.0,0.0
2016-06-21 00:00:00-04:00,79.55000305175781,80.06999969482422,79.01000213623047,79.41000366210938,994400,0.0,0.0
2016-06-22 00:00:00-04:00,79.12000274658203,79.45999908447266,78.12000274658203,78.20999908447266,1003600,0.0,0.0
2016-06-23 00:00:00-04:00,79.06999969482422,80.38999938964844,78.7300033569336,80.33000183105469,1017200,0.0,0.0
2016-06-24 00:00:00-04:00,76.87999725341797,78.0,73.38999938964844,74.02999877929688,4259800,0.0,0.0
2016-06-27 00:00:00-04:00,72.9800033569336,73.01000213623047,69.1500015258789,69.45999908447266,3432000,0.0,0.0
2016-06-28 00:00:00-04:00,71.16999816894531,73.0,70.01000213623047,70.72000122070312,1667100,0.0,0.0
2016-06-29 00:00:00-04:00,71.5,73.97000122070312,71.4800033569336,73.88999938964844,1497400,0.0,0.0
2016-06-30 00:00:00-04:00,74.0999984741211,74.70999908447266,73.02999877929688,74.66999816894531,1479000,0.0,0.0
2016-07-01 00:00:00-04:00,74.26000213623047,75.66000366210938,73.68000030517578,74.33999633789062,1110000,0.0,0.0
2016-07-05 00:00:00-04:00,73.98999786376953,74.12000274658203,71.81999969482422,72.6500015258789,1813100,0.0,0.0
2016-07-06 00:00:00-04:00,72.33999633789062,73.41000366210938,71.30000305175781,72.5999984741211,1127700,0.0,0.0
2016-07-07 00:00:00-04:00,73.12999725341797,73.91000366210938,72.70999908447266,73.79000091552734,1062600,0.0,0.0
2016-07-08 00:00:00-04:00,74.25,76.0999984741211,73.9800033569336,75.70999908447266,1082100,0.0,0.0
2016-07-11 00:00:00-04:00,75.9000015258789,78.08000183105469,75.9000015258789,77.56999969482422,1407300,0.0,0.0
2016-07-12 00:00:00-04:00,78.0,82.22000122070312,77.12999725341797,80.4800033569336,3740800,0.0,0.0
2016-07-13 00:00:00-04:00,80.2300033569336,81.13999938964844,79.30000305175781,79.7300033569336,1409800,0.0,0.0
2016-07-14 00:00:00-04:00,80.3499984741211,80.70999908447266,79.41999816894531,79.94000244140625,1348500,0.0,0.0
2016-07-15 00:00:00-04:00,80.0,80.0,78.30999755859375,78.8499984741211,1354000,0.0,0.0
2016-07-18 00:00:00-04:00,78.58000183105469,78.95999908447266,78.25,78.41000366210938,1010200,0.0,0.0
2016-07-19 00:00:00-04:00,78.27999877929688,79.19999694824219,77.83000183105469,78.95999908447266,958000,0.0,0.0
2016-07-20 00:00:00-04:00,78.19999694824219,80.5,77.80000305175781,79.81999969482422,1113400,0.0,0.0
2016-07-21 00:00:00-04:00,79.5999984741211,80.30000305175781,77.9000015258789,78.18000030517578,771000,0.0,0.0
2016-07-22 00:00:00-04:00,78.7699966430664,80.16999816894531,78.05000305175781,79.97000122070312,762300,0.0,0.0
2016-07-25 00:00:00-04:00,79.98999786376953,81.0,79.37000274658203,80.02999877929688,865700,0.0,0.0
2016-07-26 00:00:00-04:00,79.98999786376953,80.23999786376953,79.2699966430664,80.0999984741211,847800,0.0,0.0
2016-07-27 00:00:00-04:00,80.55000305175781,81.66999816894531,80.4000015258789,81.23999786376953,1538500,0.0,0.0
2016-07-28 00:00:00-04:00,83.62000274658203,85.0,82.86000061035156,83.08999633789062,2501600,0.0,0.0
2016-07-29 00:00:00-04:00,82.72000122070312,83.5,80.80999755859375,83.33999633789062,1750200,0.0,0.0
2016-08-01 00:00:00-04:00,83.33999633789062,83.38999938964844,82.16000366210938,82.73999786376953,795500,0.0,0.0
2016-08-02 00:00:00-04:00,82.54000091552734,82.6500015258789,79.62000274658203,80.38999938964844,1259100,0.0,0.0
2016-08-03 00:00:00-04:00,79.80000305175781,82.05999755859375,79.43000030517578,82.02999877929688,791900,0.0,0.0
2016-08-04 00:00:00-04:00,81.77999877929688,82.72000122070312,81.77999877929688,82.33999633789062,628100,0.0,0.0
2016-08-05 00:00:00-04:00,82.51000213623047,83.19999694824219,82.51000213623047,83.08999633789062,461400,0.0,0.0
2016-08-08 00:00:00-04:00,83.08999633789062,83.44999694824219,82.44999694824219,82.62000274658203,551400,0.0,0.0
2016-08-09 00:00:00-04:00,83.04000091552734,83.27999877929688,82.73999786376953,83.05000305175781,847400,0.0,0.0
2016-08-10 00:00:00-04:00,83.0,83.05000305175781,81.62999725341797,82.51000213623047,811100,0.0,0.0
2016-08-11 00:00:00-04:00,83.0,83.87999725341797,82.43000030517578,83.6500015258789,683800,0.0,0.0
2016-08-12 00:00:00-04:00,83.55000305175781,83.94000244140625,83.13999938964844,83.48999786376953,428600,0.0,0.0
2016-08-15 00:00:00-04:00,84.45999908447266,84.4800033569336,82.7300033569336,83.6500015258789,1116200,0.0,0.0
2016-08-16 00:00:00-04:00,83.16999816894531,83.45999908447266,81.69000244140625,82.25,1308800,0.0,0.0
2016-08-17 00:00:00-04:00,82.25,82.68000030517578,80.3499984741211,80.69999694824219,1478200,0.0,0.0
2016-08-18 00:00:00-04:00,80.66999816894531,81.91999816894531,79.81999969482422,81.37000274658203,1205100,0.0,0.0
2016-08-19 00:00:00-04:00,81.0,82.44999694824219,79.97000122070312,82.08000183105469,1238200,0.0,0.0
2016-08-22 00:00:00-04:00,79.38999938964844,79.9800033569336,78.33999633789062,79.23999786376953,2194000,0.0,0.0
2016-08-23 00:00:00-04:00,80.11000061035156,81.1500015258789,79.79000091552734,79.94999694824219,2167100,0.0,0.0
2016-08-24 00:00:00-04:00,80.44000244140625,81.4000015258789,79.06999969482422,79.6500015258789,3437900,0.0,0.0
2016-08-25 00:00:00-04:00,85.36000061035156,85.95999908447266,82.48999786376953,85.33000183105469,9705900,0.0,0.0
2016-08-26 00:00:00-04:00,84.80000305175781,84.83000183105469,82.12999725341797,83.08000183105469,2943900,0.0,0.0
2016-08-29 00:00:00-04:00,83.25,83.75,82.81999969482422,83.36000061035156,1041200,0.0,0.0
2016-08-30 00:00:00-04:00,83.19000244140625,85.0,83.18000030517578,84.97000122070312,1308200,0.0,0.0
2016-08-31 00:00:00-04:00,84.79000091552734,85.0999984741211,84.2699966430664,84.79000091552734,1418600,0.0,0.0
2016-09-01 00:00:00-04:00,84.05000305175781,87.94000244140625,84.0,87.88999938964844,3605500,0.0,0.0
2016-09-02 00:00:00-04:00,87.29000091552734,89.4000015258789,86.8499984741211,88.9800033569336,2471100,0.0,0.0
2016-09-06 00:00:00-04:00,89.33999633789062,90.30000305175781,88.9800033569336,90.0999984741211,2077900,0.0,0.0
2016-09-07 00:00:00-04:00,89.9800033569336,90.7300033569336,88.88999938964844,89.27999877929688,1766100,0.0,0.0
2016-09-08 00:00:00-04:00,88.83999633789062,89.69999694824219,88.43000030517578,88.7300033569336,2569000,0.0,0.0
2016-09-09 00:00:00-04:00,88.06999969482422,88.62000274658203,86.69999694824219,87.22000122070312,1500400,0.0,0.0
2016-09-12 00:00:00-04:00,86.41000366210938,87.86000061035156,86.02999877929688,87.51000213623047,1576600,0.0,0.0
2016-09-13 00:00:00-04:00,87.0,87.44999694824219,85.37000274658203,86.66999816894531,1518600,0.0,0.0
2016-09-14 00:00:00-04:00,86.44000244140625,87.37999725341797,85.86000061035156,86.7300033569336,1453000,0.0,0.0
2016-09-15 00:00:00-04:00,86.94000244140625,88.94000244140625,86.45999908447266,88.5,1430700,0.0,0.0
2016-09-16 00:00:00-04:00,87.69999694824219,89.05999755859375,86.98999786376953,88.93000030517578,1703100,0.0,0.0
2016-09-19 00:00:00-04:00,89.27999877929688,90.1500015258789,88.37000274658203,88.6500015258789,1463200,0.0,0.0
2016-09-20 00:00:00-04:00,89.2300033569336,89.62000274658203,88.12000274658203,88.69000244140625,890800,0.0,0.0
2016-09-21 00:00:00-04:00,89.36000061035156,90.7300033569336,88.80999755859375,90.5199966430664,917600,0.0,0.0
2016-09-22 00:00:00-04:00,89.9800033569336,90.87999725341797,89.97000122070312,90.27999877929688,1124100,0.0,0.0
2016-09-23 00:00:00-04:00,90.27999877929688,90.27999877929688,89.2699966430664,89.51000213623047,788700,0.0,0.0
2016-09-26 00:00:00-04:00,88.98999786376953,88.98999786376953,87.81999969482422,88.31999969482422,1503500,0.0,0.0
2016-09-27 00:00:00-04:00,88.31999969482422,89.86000061035156,88.01000213623047,89.79000091552734,1094100,0.0,0.0
2016-09-28 00:00:00-04:00,90.58000183105469,90.94999694824219,89.2699966430664,90.87999725341797,1803600,0.0,0.0
2016-09-29 00:00:00-04:00,90.69999694824219,91.38999938964844,90.20999908447266,90.36000061035156,1370700,0.0,0.0
2016-09-30 00:00:00-04:00,91.0,92.45999908447266,90.69999694824219,91.69000244140625,1524100,0.0,0.0
2016-10-03 00:00:00-04:00,91.55999755859375,92.11000061035156,90.25,91.18000030517578,1011300,0.0,0.0
2016-10-04 00:00:00-04:00,91.18000030517578,91.75,90.22000122070312,90.48999786376953,1173800,0.0,0.0
2016-10-05 00:00:00-04:00,90.79000091552734,92.5,90.61000061035156,92.05000305175781,1507800,0.0,0.0
2016-10-06 00:00:00-04:00,92.79000091552734,93.0,91.08999633789062,91.55999755859375,1385000,0.0,0.0
2016-10-07 00:00:00-04:00,91.12999725341797,91.62000274658203,90.13999938964844,91.04000091552734,873600,0.0,0.0
2016-10-10 00:00:00-04:00,91.44999694824219,93.3499984741211,91.44999694824219,91.77999877929688,837900,0.0,0.0
2016-10-11 00:00:00-04:00,91.45999908447266,91.5999984741211,87.8499984741211,88.29000091552734,1357700,0.0,0.0
2016-10-12 00:00:00-04:00,87.94000244140625,88.2699966430664,87.0199966430664,87.62000274658203,962800,0.0,0.0
2016-10-13 00:00:00-04:00,86.9000015258789,87.55999755859375,86.23999786376953,87.1500015258789,900700,0.0,0.0
2016-10-14 00:00:00-04:00,87.94999694824219,89.08999633789062,86.7699966430664,87.01000213623047,1111800,0.0,0.0
2016-10-17 00:00:00-04:00,87.01000213623047,87.44000244140625,85.93000030517578,86.08000183105469,1045100,0.0,0.0
2016-10-18 00:00:00-04:00,87.37999725341797,87.72000122070312,86.47000122070312,86.54000091552734,938900,0.0,0.0
2016-10-19 00:00:00-04:00,87.0199966430664,87.94000244140625,86.63999938964844,87.30000305175781,903900,0.0,0.0
2016-10-20 00:00:00-04:00,86.8499984741211,88.29000091552734,86.80000305175781,88.06999969482422,857900,0.0,0.0
2016-10-21 00:00:00-04:00,87.81999969482422,88.51000213623047,87.08999633789062,88.4800033569336,603800,0.0,0.0
2016-10-24 00:00:00-04:00,89.06999969482422,89.3499984741211,88.29000091552734,88.54000091552734,874700,0.0,0.0
2016-10-25 00:00:00-04:00,88.36000061035156,88.83999633789062,87.5199966430664,87.70999908447266,804000,0.0,0.0
2016-10-26 00:00:00-04:00,87.13999938964844,87.75,86.30999755859375,86.68000030517578,830300,0.0,0.0
2016-10-27 00:00:00-04:00,87.9000015258789,88.48999786376953,85.51000213623047,85.76000213623047,1296000,0.0,0.0
2016-10-28 00:00:00-04:00,85.91999816894531,87.38999938964844,85.91999816894531,86.19999694824219,812100,0.0,0.0
2016-10-31 00:00:00-04:00,86.58000183105469,87.05000305175781,85.52999877929688,86.68000030517578,1147300,0.0,0.0
2016-11-01 00:00:00-04:00,87.22000122070312,87.26000213623047,84.37000274658203,84.95999908447266,1091400,0.0,0.0
2016-11-02 00:00:00-04:00,84.08999633789062,84.93000030517578,82.37999725341797,83.0999984741211,1127800,0.0,0.0
2016-11-03 00:00:00-04:00,83.0999984741211,83.81999969482422,82.62999725341797,83.0,633300,0.0,0.0
2016-11-04 00:00:00-04:00,83.05999755859375,83.77999877929688,82.30000305175781,82.7699966430664,892600,0.0,0.0
2016-11-07 00:00:00-05:00,84.27999877929688,86.1500015258789,84.0999984741211,85.58999633789062,750800,0.0,0.0
2016-11-08 00:00:00-05:00,85.08999633789062,86.76000213623047,84.66999816894531,85.69999694824219,974200,0.0,0.0
2016-11-09 00:00:00-05:00,83.75,86.58999633789062,83.75,84.97000122070312,1195700,0.0,0.0
2016-11-10 00:00:00-05:00,85.37999725341797,86.77999877929688,81.26000213623047,82.08000183105469,1933000,0.0,0.0
2016-11-11 00:00:00-05:00,82.0,83.02999877929688,81.47000122070312,82.73999786376953,1255200,0.0,0.0
2016-11-14 00:00:00-05:00,83.06999969482422,83.33999633789062,80.43000030517578,80.5199966430664,2008300,0.0,0.0
2016-11-15 00:00:00-05:00,81.01000213623047,82.30000305175781,80.33999633789062,81.41000366210938,1539700,0.0,0.0
2016-11-16 00:00:00-05:00,80.13999938964844,81.7300033569336,78.05000305175781,80.91999816894531,1902300,0.0,0.0
2016-11-17 00:00:00-05:00,80.91999816894531,83.38999938964844,80.83000183105469,83.13999938964844,928900,0.0,0.0
2016-11-18 00:00:00-05:00,83.81999969482422,84.61000061035156,82.4800033569336,82.75,1301100,0.0,0.0
2016-11-21 00:00:00-05:00,82.79000091552734,84.13999938964844,82.33000183105469,83.8499984741211,1043100,0.0,0.0
2016-11-22 00:00:00-05:00,83.0199966430664,83.83999633789062,81.55999755859375,83.1500015258789,1570500,0.0,0.0
2016-11-23 00:00:00-05:00,82.7699966430664,83.30000305175781,82.30999755859375,83.12999725341797,1024100,0.0,0.0
2016-11-25 00:00:00-05:00,83.41999816894531,84.11000061035156,83.0,83.63999938964844,513300,0.0,0.0
2016-11-28 00:00:00-05:00,83.61000061035156,84.38999938964844,83.13999938964844,83.18000030517578,1212500,0.0,0.0
2016-11-29 00:00:00-05:00,83.29000091552734,84.58000183105469,83.0,84.05000305175781,1572700,0.0,0.0
2016-11-30 00:00:00-05:00,84.93000030517578,85.9800033569336,83.91999816894531,84.31999969482422,1678800,0.0,0.0
2016-12-01 00:00:00-05:00,84.43000030517578,84.83999633789062,79.87999725341797,81.5999984741211,4472900,0.0,0.0
2016-12-02 00:00:00-05:00,68.91999816894531,74.30999755859375,67.02999877929688,71.4000015258789,23153900,0.0,0.0
2016-12-05 00:00:00-05:00,71.44999694824219,74.3499984741211,71.4000015258789,73.68000030517578,6189300,0.0,0.0
2016-12-06 00:00:00-05:00,73.8499984741211,73.8499984741211,72.05000305175781,73.5,2572000,0.0,0.0
2016-12-07 00:00:00-05:00,73.05999755859375,73.37999725341797,72.08000183105469,72.69999694824219,2800500,0.0,0.0
2016-12-08 00:00:00-05:00,72.86000061035156,73.19999694824219,71.44000244140625,71.80999755859375,3084300,0.0,0.0
2016-12-09 00:00:00-05:00,71.98999786376953,72.41000366210938,70.05999755859375,70.6500015258789,2543800,0.0,0.0
2016-12-12 00:00:00-05:00,70.5999984741211,71.0199966430664,69.69999694824219,70.0199966430664,2518900,0.0,0.0
2016-12-13 00:00:00-05:00,70.4000015258789,71.58999633789062,70.08999633789062,70.55999755859375,1931600,0.0,0.0
2016-12-14 00:00:00-05:00,70.5999984741211,70.7699966430664,68.51000213623047,68.91999816894531,2528300,0.0,0.0
2016-12-15 00:00:00-05:00,68.91999816894531,69.62999725341797,68.52999877929688,69.41000366210938,2107300,0.0,0.0
2016-12-16 00:00:00-05:00,68.16999816894531,69.54000091552734,68.16999816894531,69.0,2430400,0.0,0.0
2016-12-19 00:00:00-05:00,68.81999969482422,69.43000030517578,68.66999816894531,69.12999725341797,1941100,0.0,0.0
2016-12-20 00:00:00-05:00,69.37999725341797,69.37999725341797,68.01000213623047,68.66000366210938,1858600,0.0,0.0
2016-12-21 00:00:00-05:00,68.58000183105469,68.8499984741211,67.36000061035156,67.9000015258789,1636400,0.0,0.0
2016-12-22 00:00:00-05:00,67.9800033569336,68.31999969482422,66.11000061035156,66.55000305175781,2121000,0.0,0.0
2016-12-23 00:00:00-05:00,66.69000244140625,67.48999786376953,66.61000061035156,67.47000122070312,1350400,0.0,0.0
2016-12-27 00:00:00-05:00,67.86000061035156,68.4800033569336,67.55999755859375,68.0999984741211,1387900,0.0,0.0
2016-12-28 00:00:00-05:00,68.05000305175781,68.11000061035156,66.68000030517578,66.93000030517578,1549500,0.0,0.0
2016-12-29 00:00:00-05:00,66.69999694824219,67.29000091552734,66.56999969482422,67.04000091552734,1173100,0.0,0.0
2016-12-30 00:00:00-05:00,67.27999877929688,67.27999877929688,65.79000091552734,66.08999633789062,985300,0.0,0.0
2017-01-03 00:00:00-05:00,66.75,69.0999984741211,66.75,68.37999725341797,1536500,0.0,0.0
2017-01-04 00:00:00-05:00,68.66999816894531,71.44999694824219,68.66999816894531,71.36000061035156,2543500,0.0,0.0
2017-01-05 00:00:00-05:00,71.37999725341797,72.41999816894531,70.93000030517578,72.27999877929688,2756200,0.0,0.0
2017-01-06 00:00:00-05:00,72.58999633789062,73.94999694824219,71.55999755859375,73.8499984741211,1967400,0.0,0.0
2017-01-09 00:00:00-05:00,73.9000015258789,74.77999877929688,72.97000122070312,74.76000213623047,2341800,0.0,0.0
2017-01-10 00:00:00-05:00,74.8499984741211,75.0,73.30999755859375,74.3499984741211,1369600,0.0,0.0
2017-01-11 00:00:00-05:00,76.69999694824219,81.7699966430664,76.5,81.69999694824219,7780700,0.0,0.0
2017-01-12 00:00:00-05:00,80.51000213623047,80.91000366210938,78.16000366210938,80.12000274658203,2889500,0.0,0.0
2017-01-13 00:00:00-05:00,80.12999725341797,81.16000366210938,79.91000366210938,80.88999938964844,1403900,0.0,0.0
2017-01-17 00:00:00-05:00,80.94999694824219,81.06999969482422,79.11000061035156,80.98999786376953,2188900,0.0,0.0
2017-01-18 00:00:00-05:00,81.12000274658203,82.23999786376953,80.37999725341797,82.11000061035156,2015600,0.0,0.0
2017-01-19 00:00:00-05:00,82.25,82.97000122070312,81.55999755859375,82.04000091552734,1217200,0.0,0.0
2017-01-20 00:00:00-05:00,82.04000091552734,82.47000122070312,80.75,81.77999877929688,1266300,0.0,0.0
2017-01-23 00:00:00-05:00,82.0,82.2300033569336,81.37999725341797,82.08000183105469,1074200,0.0,0.0
2017-01-24 00:00:00-05:00,82.55999755859375,82.97000122070312,82.08000183105469,82.62999725341797,1083500,0.0,0.0
2017-01-25 00:00:00-05:00,83.68000030517578,85.18000030517578,83.5199966430664,84.7300033569336,1217900,0.0,0.0
2017-01-26 00:00:00-05:00,85.05999755859375,85.91000366210938,83.63999938964844,84.0999984741211,1009200,0.0,0.0
2017-01-27 00:00:00-05:00,84.61000061035156,85.19999694824219,84.29000091552734,84.7699966430664,968200,0.0,0.0
2017-01-30 00:00:00-05:00,84.11000061035156,84.11000061035156,81.38999938964844,82.70999908447266,1876100,0.0,0.0
2017-01-31 00:00:00-05:00,82.7300033569336,83.25,81.30000305175781,83.08999633789062,1260600,0.0,0.0
2017-02-01 00:00:00-05:00,83.91999816894531,84.41999816894531,81.5,82.37999725341797,1462600,0.0,0.0
2017-02-02 00:00:00-05:00,82.48999786376953,83.25,81.45999908447266,82.66999816894531,1555600,0.0,0.0
2017-02-03 00:00:00-05:00,83.5,84.56999969482422,83.36000061035156,84.4000015258789,1201200,0.0,0.0
2017-02-06 00:00:00-05:00,83.86000061035156,85.44000244140625,83.6500015258789,85.37000274658203,1143700,0.0,0.0
2017-02-07 00:00:00-05:00,88.0,88.0,85.93000030517578,86.05000305175781,2368500,0.0,0.0
2017-02-08 00:00:00-05:00,85.9000015258789,87.0,85.70999908447266,85.80000305175781,1041400,0.0,0.0
2017-02-09 00:00:00-05:00,85.80000305175781,86.6500015258789,85.69999694824219,86.0,1418400,0.0,0.0
2017-02-10 00:00:00-05:00,86.0,86.31999969482422,85.0999984741211,85.5199966430664,1223900,0.0,0.0
2017-02-13 00:00:00-05:00,85.5999984741211,86.26000213623047,85.20999908447266,85.41000366210938,1559500,0.0,0.0
2017-02-14 00:00:00-05:00,85.30000305175781,86.25,85.05000305175781,86.23999786376953,823900,0.0,0.0
2017-02-15 00:00:00-05:00,86.13999938964844,87.1500015258789,85.37000274658203,87.05999755859375,1122500,0.0,0.0
2017-02-16 00:00:00-05:00,87.12999725341797,87.87000274658203,84.80000305175781,85.5,1721400,0.0,0.0
2017-02-17 00:00:00-05:00,87.43000030517578,89.44999694824219,86.72000122070312,88.43000030517578,2101100,0.0,0.0
2017-02-21 00:00:00-05:00,88.4000015258789,88.7699966430664,87.93000030517578,88.63999938964844,1082900,0.0,0.0
2017-02-22 00:00:00-05:00,88.16000366210938,88.62999725341797,87.91000366210938,88.22000122070312,635100,0.0,0.0
2017-02-23 00:00:00-05:00,88.4000015258789,88.83000183105469,87.31999969482422,88.19000244140625,1579100,0.0,0.0
2017-02-24 00:00:00-05:00,87.3499984741211,89.76000213623047,87.3499984741211,89.66000366210938,2320600,0.0,0.0
2017-02-27 00:00:00-05:00,89.58999633789062,92.45999908447266,89.2300033569336,90.19000244140625,6515000,0.0,0.0
2017-02-28 00:00:00-05:00,82.19999694824219,85.30000305175781,82.19999694824219,82.93000030517578,7411200,0.0,0.0
2017-03-01 00:00:00-05:00,83.4000015258789,85.4000015258789,81.58999633789062,84.94999694824219,4559000,0.0,0.0
2017-03-02 00:00:00-05:00,84.94999694824219,85.4800033569336,83.93000030517578,84.0,1669200,0.0,0.0
2017-03-03 00:00:00-05:00,83.97000122070312,84.44999694824219,83.48999786376953,83.94000244140625,1213200,0.0,0.0
2017-03-06 00:00:00-05:00,83.55000305175781,83.58000183105469,82.30000305175781,82.66999816894531,1565500,0.0,0.0
2017-03-07 00:00:00-05:00,82.72000122070312,83.48999786376953,82.19000244140625,82.80000305175781,1527800,0.0,0.0
2017-03-08 00:00:00-05:00,83.08000183105469,83.62999725341797,82.61000061035156,82.88999938964844,973600,0.0,0.0
2017-03-09 00:00:00-05:00,82.87000274658203,83.02999877929688,81.66000366210938,82.2300033569336,869300,0.0,0.0
2017-03-10 00:00:00-05:00,82.86000061035156,83.0,82.11000061035156,82.6500015258789,1301400,0.0,0.0
2017-03-13 00:00:00-04:00,82.86000061035156,84.56999969482422,82.81999969482422,84.48999786376953,1641700,0.0,0.0
2017-03-14 00:00:00-04:00,83.94000244140625,84.4800033569336,82.62999725341797,83.95999908447266,919700,0.0,0.0
2017-03-15 00:00:00-04:00,84.11000061035156,84.11000061035156,82.19000244140625,83.58000183105469,1283200,0.0,0.0
2017-03-16 00:00:00-04:00,83.81999969482422,85.41000366210938,83.5,85.04000091552734,1216500,0.0,0.0
2017-03-17 00:00:00-04:00,85.04000091552734,86.31999969482422,84.83999633789062,84.95999908447266,1631300,0.0,0.0
2017-03-20 00:00:00-04:00,85.31999969482422,86.25,84.79000091552734,85.5,861100,0.0,0.0
2017-03-21 00:00:00-04:00,85.83000183105469,86.19000244140625,81.5999984741211,81.81999969482422,1652000,0.0,0.0
2017-03-22 00:00:00-04:00,81.93000030517578,82.48999786376953,80.61000061035156,81.44999694824219,1721300,0.0,0.0
2017-03-23 00:00:00-04:00,81.81999969482422,81.93000030517578,81.0,81.47000122070312,1238900,0.0,0.0
2017-03-24 00:00:00-04:00,81.83999633789062,83.87000274658203,81.69000244140625,82.94999694824219,1217400,0.0,0.0
2017-03-27 00:00:00-04:00,81.86000061035156,83.37000274658203,81.30999755859375,82.91999816894531,909100,0.0,0.0
2017-03-28 00:00:00-04:00,82.91999816894531,84.18000030517578,82.4000015258789,83.7300033569336,604400,0.0,0.0
2017-03-29 00:00:00-04:00,83.80999755859375,84.9000015258789,83.2699966430664,84.58000183105469,913300,0.0,0.0
2017-03-30 00:00:00-04:00,84.30999755859375,84.83000183105469,83.63999938964844,83.69999694824219,551900,0.0,0.0
2017-03-31 00:00:00-04:00,83.8499984741211,84.0,83.26000213623047,83.27999877929688,690400,0.0,0.0
2017-04-03 00:00:00-04:00,83.2699966430664,83.5199966430664,81.36000061035156,82.31999969482422,1244300,0.0,0.0
2017-04-04 00:00:00-04:00,81.97000122070312,83.37000274658203,81.97000122070312,82.29000091552734,784900,0.0,0.0
2017-04-05 00:00:00-04:00,82.58000183105469,84.33999633789062,82.33999633789062,82.4000015258789,1163700,0.0,0.0
2017-04-06 00:00:00-04:00,82.43000030517578,83.33999633789062,81.9800033569336,82.97000122070312,725800,0.0,0.0
2017-04-07 00:00:00-04:00,83.0,83.26000213623047,82.30000305175781,82.5199966430664,1016600,0.0,0.0
2017-04-10 00:00:00-04:00,82.4800033569336,82.7300033569336,81.7300033569336,81.86000061035156,955300,0.0,0.0
2017-04-11 00:00:00-04:00,81.72000122070312,82.0199966430664,80.76000213623047,81.30999755859375,1357100,0.0,0.0
2017-04-12 00:00:00-04:00,82.55000305175781,85.70999908447266,82.4800033569336,83.44999694824219,2921000,0.0,0.0
2017-04-13 00:00:00-04:00,83.12000274658203,84.5199966430664,83.0999984741211,83.5999984741211,1269200,0.0,0.0
2017-04-17 00:00:00-04:00,83.5199966430664,84.12000274658203,82.56999969482422,83.76000213623047,1942800,0.0,0.0
2017-04-18 00:00:00-04:00,83.04000091552734,83.80999755859375,82.8499984741211,83.58000183105469,1118800,0.0,0.0
2017-04-19 00:00:00-04:00,83.80000305175781,84.93000030517578,83.80000305175781,84.3499984741211,1271000,0.0,0.0
2017-04-20 00:00:00-04:00,84.5199966430664,85.94000244140625,84.27999877929688,85.70999908447266,1083500,0.0,0.0
2017-04-21 00:00:00-04:00,85.73999786376953,85.91000366210938,84.91000366210938,85.0,1097000,0.0,0.0
2017-04-24 00:00:00-04:00,85.66000366210938,87.08000183105469,85.45999908447266,86.87999725341797,954100,0.0,0.0
2017-04-25 00:00:00-04:00,87.25,88.43000030517578,86.87000274658203,86.87000274658203,1159700,0.0,0.0
2017-04-26 00:00:00-04:00,86.97000122070312,86.97000122070312,86.02999877929688,86.62000274658203,608300,0.0,0.0
2017-04-27 00:00:00-04:00,86.69000244140625,87.54000091552734,86.25,86.83000183105469,733100,0.0,0.0
2017-04-28 00:00:00-04:00,86.8499984741211,87.77999877929688,86.30999755859375,87.4000015258789,804000,0.0,0.0
2017-05-01 00:00:00-04:00,87.62000274658203,88.87000274658203,87.08999633789062,88.6500015258789,990600,0.0,0.0
2017-05-02 00:00:00-04:00,88.6500015258789,89.7300033569336,87.9000015258789,89.3499984741211,1496100,0.0,0.0
2017-05-03 00:00:00-04:00,89.16999816894531,89.41000366210938,88.43000030517578,89.2699966430664,916800,0.0,0.0
2017-05-04 00:00:00-04:00,89.30999755859375,91.5199966430664,89.19999694824219,90.6500015258789,1916300,0.0,0.0
2017-05-05 00:00:00-04:00,90.5999984741211,92.0,90.33999633789062,91.86000061035156,1559800,0.0,0.0
2017-05-08 00:00:00-04:00,91.45999908447266,91.91000366210938,90.22000122070312,90.26000213623047,1858200,0.0,0.0
2017-05-09 00:00:00-04:00,90.41000366210938,90.41000366210938,89.66000366210938,89.77999877929688,1159500,0.0,0.0
2017-05-10 00:00:00-04:00,90.33999633789062,90.48999786376953,89.5999984741211,90.16999816894531,701500,0.0,0.0
2017-05-11 00:00:00-04:00,90.06999969482422,90.06999969482422,88.63999938964844,89.06999969482422,1212200,0.0,0.0
2017-05-12 00:00:00-04:00,89.33999633789062,91.2300033569336,88.80000305175781,90.88999938964844,1070800,0.0,0.0
2017-05-15 00:00:00-04:00,92.0,96.02999877929688,91.76000213623047,95.72000122070312,3778800,0.0,0.0
2017-05-16 00:00:00-04:00,95.58000183105469,96.80000305175781,95.0999984741211,96.52999877929688,2080300,0.0,0.0
2017-05-17 00:00:00-04:00,95.7300033569336,96.29000091552734,93.4800033569336,93.75,1523700,0.0,0.0
2017-05-18 00:00:00-04:00,93.3499984741211,95.55000305175781,92.94999694824219,95.44000244140625,1840800,0.0,0.0
2017-05-19 00:00:00-04:00,96.12000274658203,99.4800033569336,95.7699966430664,97.81999969482422,2567000,0.0,0.0
2017-05-22 00:00:00-04:00,98.12000274658203,100.4000015258789,98.08000183105469,99.48999786376953,1404800,0.0,0.0
2017-05-23 00:00:00-04:00,99.51000213623047,99.91000366210938,97.93000030517578,98.44000244140625,1525100,0.0,0.0
2017-05-24 00:00:00-04:00,99.0,99.5,98.05000305175781,99.41999816894531,754700,0.0,0.0
2017-05-25 00:00:00-04:00,100.0,101.33000183105469,99.5199966430664,100.5,1055700,0.0,0.0
2017-05-26 00:00:00-04:00,100.0,100.7300033569336,99.0999984741211,99.98999786376953,2030400,0.0,0.0
2017-05-30 00:00:00-04:00,100.0,101.06999969482422,99.0,99.30999755859375,1588900,0.0,0.0
2017-05-31 00:00:00-04:00,99.56999969482422,100.8499984741211,99.01000213623047,99.9800033569336,2858900,0.0,0.0
2017-06-01 00:00:00-04:00,100.12000274658203,101.61000061035156,99.56999969482422,101.5,3924600,0.0,0.0
2017-06-02 00:00:00-04:00,99.2699966430664,104.52999877929688,99.19999694824219,104.41000366210938,5183400,0.0,0.0
2017-06-05 00:00:00-04:00,102.8499984741211,103.9000015258789,102.5,102.87000274658203,2672000,0.0,0.0
2017-06-06 00:00:00-04:00,102.76000213623047,103.80999755859375,102.37000274658203,102.66000366210938,1433000,0.0,0.0
2017-06-07 00:00:00-04:00,103.0,103.08999633789062,101.38999938964844,102.5,1663100,0.0,0.0
2017-06-08 00:00:00-04:00,102.3499984741211,103.0,101.31999969482422,102.83999633789062,1708400,0.0,0.0
2017-06-09 00:00:00-04:00,102.95999908447266,104.19999694824219,96.51000213623047,97.97000122070312,3294300,0.0,0.0
2017-06-12 00:00:00-04:00,96.55000305175781,98.80999755859375,92.79000091552734,97.3499984741211,3446700,0.0,0.0
2017-06-13 00:00:00-04:00,98.43000030517578,100.33999633789062,97.5,98.66999816894531,1238800,0.0,0.0
2017-06-14 00:00:00-04:00,99.5999984741211,100.37999725341797,97.29000091552734,98.58000183105469,1832100,0.0,0.0
2017-06-15 00:00:00-04:00,97.08999633789062,99.19000244140625,96.30000305175781,98.2699966430664,2344400,0.0,0.0
2017-06-16 00:00:00-04:00,98.16999816894531,99.38999938964844,97.45999908447266,98.38999938964844,1508100,0.0,0.0
2017-06-19 00:00:00-04:00,99.0,100.66000366210938,98.58000183105469,100.20999908447266,1129400,0.0,0.0
2017-06-20 00:00:00-04:00,100.1500015258789,100.81999969482422,98.72000122070312,98.94000244140625,985700,0.0,0.0
2017-06-21 00:00:00-04:00,99.70999908447266,102.30999755859375,99.4000015258789,102.23999786376953,1313700,0.0,0.0
2017-06-22 00:00:00-04:00,102.55999755859375,103.37999725341797,101.19999694824219,102.83000183105469,1368100,0.0,0.0
2017-06-23 00:00:00-04:00,102.91000366210938,104.31999969482422,102.80999755859375,103.33000183105469,1470100,0.0,0.0
2017-06-26 00:00:00-04:00,103.68000030517578,104.80000305175781,101.62999725341797,102.2300033569336,1193100,0.0,0.0
2017-06-27 00:00:00-04:00,101.93000030517578,102.45999908447266,98.20999908447266,98.36000061035156,2174000,0.0,0.0
2017-06-28 00:00:00-04:00,99.08999633789062,99.30000305175781,96.62999725341797,98.94000244140625,2016200,0.0,0.0
2017-06-29 00:00:00-04:00,98.56999969482422,98.70999908447266,95.79000091552734,96.44999694824219,1501100,0.0,0.0
2017-06-30 00:00:00-04:00,97.0999984741211,98.25,96.04000091552734,97.0,1017400,0.0,0.0
2017-07-03 00:00:00-04:00,97.72000122070312,97.81999969482422,94.4000015258789,95.52999877929688,540100,0.0,0.0
2017-07-05 00:00:00-04:00,95.66999816894531,97.51000213623047,95.5999984741211,96.94999694824219,1082000,0.0,0.0
2017-07-06 00:00:00-04:00,95.9800033569336,96.95999908447266,95.43000030517578,95.63999938964844,714300,0.0,0.0
2017-07-07 00:00:00-04:00,96.41999816894531,97.7699966430664,95.91000366210938,97.0999984741211,1171600,0.0,0.0
2017-07-10 00:00:00-04:00,97.44999694824219,98.68000030517578,96.87000274658203,98.41000366210938,1031500,0.0,0.0
2017-07-11 00:00:00-04:00,98.05000305175781,99.77999877929688,97.75,99.37999725341797,1199200,0.0,0.0
2017-07-12 00:00:00-04:00,100.44999694824219,103.30999755859375,100.08000183105469,102.94999694824219,2416600,0.0,0.0
2017-07-13 00:00:00-04:00,103.68000030517578,104.11000061035156,102.06999969482422,102.22000122070312,1157900,0.0,0.0
2017-07-14 00:00:00-04:00,102.73999786376953,104.63999938964844,102.6500015258789,103.77999877929688,1085600,0.0,0.0
2017-07-17 00:00:00-04:00,103.77999877929688,104.0,101.94999694824219,102.88999938964844,1503600,0.0,0.0
2017-07-18 00:00:00-04:00,102.13999938964844,103.04000091552734,101.80999755859375,102.54000091552734,853100,0.0,0.0
2017-07-19 00:00:00-04:00,102.91999816894531,103.3499984741211,102.2300033569336,102.69999694824219,839300,0.0,0.0
2017-07-20 00:00:00-04:00,102.75,103.51000213623047,101.7300033569336,103.12999725341797,768200,0.0,0.0
2017-07-21 00:00:00-04:00,102.5199966430664,103.31999969482422,102.0,102.63999938964844,563900,0.0,0.0
2017-07-24 00:00:00-04:00,102.75,103.9000015258789,102.3499984741211,103.6500015258789,758600,0.0,0.0
2017-07-25 00:00:00-04:00,103.63999938964844,104.31999969482422,102.7699966430664,103.83000183105469,586600,0.0,0.0
2017-07-26 00:00:00-04:00,104.44000244140625,106.26000213623047,104.08000183105469,105.19999694824219,907300,0.0,0.0
2017-07-27 00:00:00-04:00,105.66000366210938,106.75,101.01000213623047,102.68000030517578,1251100,0.0,0.0
2017-07-28 00:00:00-04:00,102.30000305175781,103.9800033569336,101.8499984741211,103.25,877700,0.0,0.0
2017-07-31 00:00:00-04:00,103.36000061035156,103.66999816894531,101.2300033569336,102.11000061035156,792200,0.0,0.0
2017-08-01 00:00:00-04:00,103.12999725341797,103.62000274658203,102.19999694824219,103.51000213623047,767600,0.0,0.0
2017-08-02 00:00:00-04:00,104.0,104.0,98.19999694824219,100.08000183105469,1479800,0.0,0.0
2017-08-03 00:00:00-04:00,100.29000091552734,101.22000122070312,99.20999908447266,100.91000366210938,993400,0.0,0.0
2017-08-04 00:00:00-04:00,101.0,102.18000030517578,100.80999755859375,101.16999816894531,825900,0.0,0.0
2017-08-07 00:00:00-04:00,101.02999877929688,101.98999786376953,100.30999755859375,100.80000305175781,640700,0.0,0.0
2017-08-08 00:00:00-04:00,100.54000091552734,101.94000244140625,99.0999984741211,101.11000061035156,1087400,0.0,0.0
2017-08-09 00:00:00-04:00,100.19000244140625,101.91999816894531,99.62000274658203,101.16000366210938,602300,0.0,0.0
2017-08-10 00:00:00-04:00,100.16999816894531,100.62999725341797,96.83000183105469,98.13999938964844,1562200,0.0,0.0
2017-08-11 00:00:00-04:00,98.16999816894531,99.95999908447266,98.08000183105469,99.37999725341797,804300,0.0,0.0
2017-08-14 00:00:00-04:00,100.58999633789062,102.77999877929688,100.08000183105469,102.37000274658203,698100,0.0,0.0
2017-08-15 00:00:00-04:00,102.52999877929688,102.52999877929688,101.12999725341797,101.9000015258789,778500,0.0,0.0
2017-08-16 00:00:00-04:00,102.12000274658203,106.58999633789062,102.12000274658203,106.19999694824219,1688800,0.0,0.0
2017-08-17 00:00:00-04:00,105.7699966430664,106.19000244140625,102.76000213623047,102.9000015258789,958700,0.0,0.0
2017-08-18 00:00:00-04:00,102.72000122070312,103.33000183105469,101.26000213623047,101.4000015258789,1712600,0.0,0.0
2017-08-21 00:00:00-04:00,101.44000244140625,102.44000244140625,100.79000091552734,101.31999969482422,1015200,0.0,0.0
2017-08-22 00:00:00-04:00,102.19999694824219,105.0999984741211,101.56999969482422,104.88999938964844,1300800,0.0,0.0
2017-08-23 00:00:00-04:00,103.73999786376953,106.0,103.58999633789062,103.79000091552734,1160000,0.0,0.0
2017-08-24 00:00:00-04:00,104.33000183105469,105.27999877929688,104.0199966430664,104.37000274658203,731200,0.0,0.0
2017-08-25 00:00:00-04:00,105.4000015258789,105.5999984741211,103.20999908447266,103.56999969482422,723100,0.0,0.0
2017-08-28 00:00:00-04:00,104.0199966430664,104.30999755859375,102.44999694824219,103.5,1165600,0.0,0.0
2017-08-29 00:00:00-04:00,102.61000061035156,105.13999938964844,102.44999694824219,104.41000366210938,1137900,0.0,0.0
2017-08-30 00:00:00-04:00,104.27999877929688,107.87999725341797,104.16999816894531,107.54000091552734,3445900,0.0,0.0
2017-08-31 00:00:00-04:00,109.44000244140625,111.44999694824219,107.20999908447266,109.69000244140625,4790800,0.0,0.0
2017-09-01 00:00:00-04:00,109.5999984741211,109.69000244140625,108.11000061035156,108.83999633789062,1847700,0.0,0.0
2017-09-05 00:00:00-04:00,108.05000305175781,108.41999816894531,106.11000061035156,108.16000366210938,1636600,0.0,0.0
2017-09-06 00:00:00-04:00,108.16000366210938,108.97000122070312,106.16999816894531,108.5,1427300,0.0,0.0
2017-09-07 00:00:00-04:00,109.08999633789062,110.33000183105469,108.31999969482422,109.81999969482422,1806600,0.0,0.0
2017-09-08 00:00:00-04:00,109.75,110.94999694824219,107.70999908447266,107.9000015258789,1348600,0.0,0.0
2017-09-11 00:00:00-04:00,108.97000122070312,109.27999877929688,107.75,108.2699966430664,1467200,0.0,0.0
2017-09-12 00:00:00-04:00,108.30000305175781,109.25,105.30000305175781,106.9800033569336,3817500,0.0,0.0
2017-09-13 00:00:00-04:00,106.9800033569336,107.87000274658203,106.62000274658203,107.0199966430664,5549600,0.0,0.0
2017-09-14 00:00:00-04:00,106.5999984741211,106.80000305175781,105.12000274658203,105.55000305175781,1600500,0.0,0.0
2017-09-15 00:00:00-04:00,105.61000061035156,105.97000122070312,103.75,105.04000091552734,2308500,0.0,0.0
2017-09-18 00:00:00-04:00,105.0999984741211,106.91000366210938,105.08000183105469,106.55999755859375,1839000,0.0,0.0
2017-09-19 00:00:00-04:00,106.81999969482422,107.25,105.81999969482422,106.27999877929688,1436300,0.0,0.0
2017-09-20 00:00:00-04:00,105.79000091552734,105.80999755859375,103.87999725341797,105.0,2148000,0.0,0.0
2017-09-21 00:00:00-04:00,104.56999969482422,104.83000183105469,102.5999984741211,103.83000183105469,1595700,0.0,0.0
2017-09-22 00:00:00-04:00,103.37999725341797,104.5199966430664,103.2699966430664,103.88999938964844,1256900,0.0,0.0
2017-09-25 00:00:00-04:00,103.95999908447266,104.23999786376953,99.80000305175781,100.2699966430664,3021600,0.0,0.0
2017-09-26 00:00:00-04:00,100.91999816894531,101.47000122070312,98.45999908447266,99.80000305175781,2358600,0.0,0.0
2017-09-27 00:00:00-04:00,100.2699966430664,101.4000015258789,99.69999694824219,100.72000122070312,2087500,0.0,0.0
2017-09-28 00:00:00-04:00,100.47000122070312,101.97000122070312,99.94999694824219,101.8499984741211,1429400,0.0,0.0
2017-09-29 00:00:00-04:00,102.19000244140625,105.66000366210938,102.08999633789062,105.38999938964844,2193300,0.0,0.0
2017-10-02 00:00:00-04:00,105.30000305175781,105.8499984741211,102.77999877929688,103.29000091552734,1631400,0.0,0.0
2017-10-03 00:00:00-04:00,103.19000244140625,105.27999877929688,103.16000366210938,104.5199966430664,1096200,0.0,0.0
2017-10-04 00:00:00-04:00,104.94999694824219,105.58999633789062,103.69000244140625,105.26000213623047,861600,0.0,0.0
2017-10-05 00:00:00-04:00,105.91000366210938,107.52999877929688,105.0,107.02999877929688,1492300,0.0,0.0
2017-10-06 00:00:00-04:00,106.69999694824219,110.58999633789062,106.2300033569336,110.2300033569336,2246600,0.0,0.0
2017-10-09 00:00:00-04:00,110.2300033569336,110.2300033569336,108.05999755859375,108.69000244140625,1395700,0.0,0.0
2017-10-10 00:00:00-04:00,109.62999725341797,110.16999816894531,107.55999755859375,108.30999755859375,1373600,0.0,0.0
2017-10-11 00:00:00-04:00,108.18000030517578,109.52999877929688,106.27999877929688,108.51000213623047,1895200,0.0,0.0
2017-10-12 00:00:00-04:00,108.45999908447266,109.04000091552734,107.19000244140625,108.63999938964844,1410800,0.0,0.0
2017-10-13 00:00:00-04:00,108.6500015258789,109.73999786376953,108.08999633789062,109.36000061035156,1620000,0.0,0.0
2017-10-16 00:00:00-04:00,109.36000061035156,110.29000091552734,106.87000274658203,107.2300033569336,1724500,0.0,0.0
2017-10-17 00:00:00-04:00,106.80000305175781,107.80999755859375,106.2300033569336,107.62000274658203,1633000,0.0,0.0
2017-10-18 00:00:00-04:00,107.51000213623047,107.77999877929688,105.88999938964844,107.18000030517578,1125400,0.0,0.0
2017-10-19 00:00:00-04:00,106.79000091552734,107.58000183105469,105.4000015258789,106.7699966430664,1372700,0.0,0.0
2017-10-20 00:00:00-04:00,107.01000213623047,109.43000030517578,106.81999969482422,108.55999755859375,1076600,0.0,0.0
2017-10-23 00:00:00-04:00,109.22000122070312,109.22000122070312,107.33000183105469,107.75,1740800,0.0,0.0
2017-10-24 00:00:00-04:00,108.0999984741211,108.2699966430664,106.79000091552734,107.18000030517578,1036800,0.0,0.0
2017-10-25 00:00:00-04:00,107.19000244140625,107.91000366210938,104.51000213623047,105.80000305175781,1636000,0.0,0.0
2017-10-26 00:00:00-04:00,104.73999786376953,107.68000030517578,104.55999755859375,107.12000274658203,743600,0.0,0.0
2017-10-27 00:00:00-04:00,108.0199966430664,109.55000305175781,107.11000061035156,108.51000213623047,979200,0.0,0.0
2017-10-30 00:00:00-04:00,108.5999984741211,109.26000213623047,107.69999694824219,108.41999816894531,1040000,0.0,0.0
2017-10-31 00:00:00-04:00,108.12000274658203,111.83000183105469,107.9000015258789,110.98999786376953,1852600,0.0,0.0
2017-11-01 00:00:00-04:00,111.94000244140625,111.94000244140625,108.55000305175781,110.2699966430664,1096400,0.0,0.0
2017-11-02 00:00:00-04:00,109.91999816894531,111.66000366210938,109.18000030517578,110.5999984741211,763400,0.0,0.0
2017-11-03 00:00:00-04:00,107.66000366210938,110.93000030517578,107.44000244140625,109.76000213623047,1098500,0.0,0.0
2017-11-06 00:00:00-05:00,110.0,110.5999984741211,108.30000305175781,108.41999816894531,1073200,0.0,0.0
2017-11-07 00:00:00-05:00,108.25,108.9800033569336,107.56999969482422,108.52999877929688,751200,0.0,0.0
2017-11-08 00:00:00-05:00,108.13999938964844,111.87000274658203,107.7699966430664,110.87999725341797,1263000,0.0,0.0
2017-11-09 00:00:00-05:00,108.41999816894531,109.36000061035156,104.5,106.1500015258789,2128200,0.0,0.0
2017-11-10 00:00:00-05:00,105.79000091552734,107.5,104.8499984741211,107.30999755859375,1181700,0.0,0.0
2017-11-13 00:00:00-05:00,106.58000183105469,106.98999786376953,105.51000213623047,106.16999816894531,1135200,0.0,0.0
2017-11-14 00:00:00-05:00,106.04000091552734,107.55000305175781,105.55000305175781,107.47000122070312,919300,0.0,0.0
2017-11-15 00:00:00-05:00,106.58999633789062,107.3499984741211,105.26000213623047,106.61000061035156,679700,0.0,0.0
2017-11-16 00:00:00-05:00,107.04000091552734,109.79000091552734,106.9800033569336,109.33999633789062,1009400,0.0,0.0
2017-11-17 00:00:00-05:00,110.0,112.80000305175781,109.83999633789062,111.68000030517578,1854000,0.0,0.0
2017-11-20 00:00:00-05:00,111.88999938964844,114.12000274658203,111.43000030517578,113.80000305175781,1898400,0.0,0.0
2017-11-21 00:00:00-05:00,113.95999908447266,116.31999969482422,113.5999984741211,115.29000091552734,1538900,0.0,0.0
2017-11-22 00:00:00-05:00,115.4000015258789,116.0999984741211,114.25,115.1500015258789,835500,0.0,0.0
2017-11-24 00:00:00-05:00,115.43000030517578,116.62000274658203,115.41999816894531,116.13999938964844,501400,0.0,0.0
2017-11-27 00:00:00-05:00,116.37000274658203,116.88999938964844,114.44000244140625,114.94000244140625,1487300,0.0,0.0
2017-11-28 00:00:00-05:00,115.30999755859375,115.58999633789062,113.36000061035156,114.76000213623047,1171900,0.0,0.0
2017-11-29 00:00:00-05:00,114.0,114.23999786376953,105.62999725341797,106.54000091552734,5103600,0.0,0.0
2017-11-30 00:00:00-05:00,105.48999786376953,107.69999694824219,102.11000061035156,103.0,6629200,0.0,0.0
2017-12-01 00:00:00-05:00,102.62999725341797,103.87999725341797,98.56999969482422,100.5199966430664,3664100,0.0,0.0
2017-12-04 00:00:00-05:00,101.37999725341797,101.69999694824219,96.5,96.58000183105469,3308300,0.0,0.0
2017-12-05 00:00:00-05:00,96.4800033569336,99.68000030517578,95.3499984741211,99.19999694824219,3579300,0.0,0.0
2017-12-06 00:00:00-05:00,98.66999816894531,102.52999877929688,98.18000030517578,102.3499984741211,3654400,0.0,0.0
2017-12-07 00:00:00-05:00,102.75,104.80999755859375,102.36000061035156,104.19999694824219,4003900,0.0,0.0
2017-12-08 00:00:00-05:00,105.0,106.3499984741211,103.8499984741211,104.8499984741211,2260400,0.0,0.0
2017-12-11 00:00:00-05:00,105.16000366210938,106.83000183105469,103.30000305175781,104.80999755859375,3002100,0.0,0.0
2017-12-12 00:00:00-05:00,104.55999755859375,105.43000030517578,102.26000213623047,102.48999786376953,3164300,0.0,0.0
2017-12-13 00:00:00-05:00,103.33999633789062,103.70999908447266,100.8499984741211,101.47000122070312,1855300,0.0,0.0
2017-12-14 00:00:00-05:00,102.04000091552734,103.72000122070312,101.47000122070312,103.3499984741211,2276800,0.0,0.0
2017-12-15 00:00:00-05:00,103.55000305175781,104.05000305175781,101.66999816894531,103.47000122070312,6458400,0.0,0.0
2017-12-18 00:00:00-05:00,104.04000091552734,104.19999694824219,102.16999816894531,103.6500015258789,2604600,0.0,0.0
2017-12-19 00:00:00-05:00,103.5,104.30000305175781,102.37000274658203,102.93000030517578,1894200,0.0,0.0
2017-12-20 00:00:00-05:00,103.01000213623047,103.58999633789062,101.04000091552734,102.0,1162500,0.0,0.0
2017-12-21 00:00:00-05:00,102.19999694824219,103.08999633789062,101.54000091552734,102.88999938964844,1153100,0.0,0.0
2017-12-22 00:00:00-05:00,102.22000122070312,102.87000274658203,100.79000091552734,102.31999969482422,972700,0.0,0.0
2017-12-26 00:00:00-05:00,102.13999938964844,103.36000061035156,101.5,102.93000030517578,866900,0.0,0.0
2017-12-27 00:00:00-05:00,102.62999725341797,103.80000305175781,102.0,103.05999755859375,986000,0.0,0.0
2017-12-28 00:00:00-05:00,103.31999969482422,103.31999969482422,101.7300033569336,102.19999694824219,917000,0.0,0.0
2017-12-29 00:00:00-05:00,102.0199966430664,102.6500015258789,101.1500015258789,101.73999786376953,764000,0.0,0.0
2018-01-02 00:00:00-05:00,102.05000305175781,103.5999984741211,100.23999786376953,103.4000015258789,1599600,0.0,0.0
2018-01-03 00:00:00-05:00,103.87999725341797,105.9000015258789,102.0199966430664,105.16999816894531,2047900,0.0,0.0
2018-01-04 00:00:00-05:00,107.54000091552734,110.19000244140625,107.30999755859375,109.25,2774000,0.0,0.0
2018-01-05 00:00:00-05:00,109.94000244140625,109.94000244140625,108.30000305175781,109.31999969482422,1025400,0.0,0.0
2018-01-08 00:00:00-05:00,108.72000122070312,110.05999755859375,108.11000061035156,109.94000244140625,1626600,0.0,0.0
2018-01-09 00:00:00-05:00,109.94999694824219,109.9800033569336,108.63999938964844,109.69999694824219,1228200,0.0,0.0
2018-01-10 00:00:00-05:00,111.9000015258789,114.4800033569336,111.76000213623047,114.13999938964844,3098100,0.0,0.0
2018-01-11 00:00:00-05:00,113.58000183105469,114.7699966430664,112.55000305175781,114.23999786376953,1398000,0.0,0.0
2018-01-12 00:00:00-05:00,114.30000305175781,114.87999725341797,112.70999908447266,112.9000015258789,1183500,0.0,0.0
2018-01-16 00:00:00-05:00,112.93000030517578,114.4000015258789,108.86000061035156,110.08999633789062,2160500,0.0,0.0
2018-01-17 00:00:00-05:00,110.0999984741211,113.12999725341797,109.73999786376953,112.26000213623047,1419600,0.0,0.0
2018-01-18 00:00:00-05:00,111.61000061035156,113.72000122070312,111.36000061035156,113.27999877929688,1198300,0.0,0.0
2018-01-19 00:00:00-05:00,113.30000305175781,114.11000061035156,113.02999877929688,114.11000061035156,978800,0.0,0.0
2018-01-22 00:00:00-05:00,114.0,115.31999969482422,113.08999633789062,115.30000305175781,1023600,0.0,0.0
2018-01-23 00:00:00-05:00,115.30000305175781,117.5999984741211,114.80000305175781,117.20999908447266,1521800,0.0,0.0
2018-01-24 00:00:00-05:00,117.0,117.48999786376953,114.44000244140625,115.87000274658203,1453700,0.0,0.0
2018-01-25 00:00:00-05:00,117.01000213623047,117.3499984741211,115.13999938964844,115.31999969482422,885200,0.0,0.0
2018-01-26 00:00:00-05:00,115.83999633789062,118.87000274658203,115.31999969482422,118.80999755859375,968400,0.0,0.0
2018-01-29 00:00:00-05:00,117.76000213623047,118.72000122070312,116.36000061035156,116.5199966430664,1062600,0.0,0.0
2018-01-30 00:00:00-05:00,118.66000366210938,121.7300033569336,116.4800033569336,120.26000213623047,3275400,0.0,0.0
2018-01-31 00:00:00-05:00,120.69999694824219,121.9800033569336,119.16000366210938,119.88999938964844,1356100,0.0,0.0
2018-02-01 00:00:00-05:00,119.02999877929688,121.41999816894531,118.26000213623047,119.02999877929688,1073200,0.0,0.0
2018-02-02 00:00:00-05:00,118.56999969482422,118.94999694824219,115.7300033569336,117.48999786376953,1193900,0.0,0.0
2018-02-05 00:00:00-05:00,116.22000122070312,119.97000122070312,114.75,114.75,1609800,0.0,0.0
2018-02-06 00:00:00-05:00,113.0,116.63999938964844,112.0,116.06999969482422,2081400,0.0,0.0
2018-02-07 00:00:00-05:00,116.87000274658203,119.88999938964844,116.41000366210938,117.7699966430664,1941600,0.0,0.0
2018-02-08 00:00:00-05:00,117.70999908447266,118.97000122070312,110.5999984741211,110.97000122070312,2196100,0.0,0.0
2018-02-09 00:00:00-05:00,112.0999984741211,113.93000030517578,107.75,112.95999908447266,1834700,0.0,0.0
2018-02-12 00:00:00-05:00,115.12999725341797,117.36000061035156,113.75,115.62999725341797,1521700,0.0,0.0
2018-02-13 00:00:00-05:00,114.98999786376953,116.81999969482422,114.62000274658203,116.62999725341797,1650100,0.0,0.0
2018-02-14 00:00:00-05:00,115.8499984741211,121.1500015258789,115.19999694824219,120.70999908447266,1423200,0.0,0.0
2018-02-15 00:00:00-05:00,121.5,125.0,119.91000366210938,124.30999755859375,2160700,0.0,0.0
2018-02-16 00:00:00-05:00,123.55000305175781,125.0,122.55999755859375,124.01000213623047,1306900,0.0,0.0
2018-02-20 00:00:00-05:00,124.29000091552734,127.55000305175781,123.51000213623047,126.0199966430664,1773000,0.0,0.0
2018-02-21 00:00:00-05:00,126.56999969482422,128.32000732421875,125.58000183105469,125.66999816894531,1944700,0.0,0.0
2018-02-22 00:00:00-05:00,126.33000183105469,128.25,124.2300033569336,124.36000061035156,1324800,0.0,0.0
2018-02-23 00:00:00-05:00,125.47000122070312,127.45999908447266,124.63999938964844,127.33000183105469,1259300,0.0,0.0
2018-02-26 00:00:00-05:00,128.80999755859375,129.0,126.2300033569336,127.80000305175781,1931000,0.0,0.0
2018-02-27 00:00:00-05:00,128.19000244140625,131.17999267578125,127.41999816894531,128.2100067138672,3279400,0.0,0.0
2018-02-28 00:00:00-05:00,125.19999694824219,129.88999938964844,125.0,126.66999816894531,3379400,0.0,0.0
2018-03-01 00:00:00-05:00,127.93000030517578,128.00999450683594,122.5,123.94999694824219,2507300,0.0,0.0
2018-03-02 00:00:00-05:00,122.38999938964844,131.3800048828125,121.7699966430664,131.27999877929688,2552700,0.0,0.0
2018-03-05 00:00:00-05:00,129.52000427246094,134.1699981689453,128.85000610351562,132.9199981689453,2775000,0.0,0.0
2018-03-06 00:00:00-05:00,133.32000732421875,135.97999572753906,132.64999389648438,135.9499969482422,2598300,0.0,0.0
2018-03-07 00:00:00-05:00,134.6699981689453,138.5399932861328,134.6699981689453,137.5800018310547,2650200,0.0,0.0
2018-03-08 00:00:00-05:00,138.0399932861328,139.89999389648438,136.5500030517578,136.94000244140625,1320400,0.0,0.0
2018-03-09 00:00:00-05:00,138.0,138.72999572753906,136.1699981689453,137.6199951171875,2188500,0.0,0.0
2018-03-12 00:00:00-04:00,137.39999389648438,139.5,137.1699981689453,139.07000732421875,1254700,0.0,0.0
2018-03-13 00:00:00-04:00,137.39999389648438,139.5,136.7899932861328,137.33999633789062,1424800,0.0,0.0
2018-03-14 00:00:00-04:00,137.8800048828125,139.2899932861328,135.8800048828125,138.7899932861328,1014300,0.0,0.0
2018-03-15 00:00:00-04:00,139.02999877929688,139.05999755859375,135.89999389648438,136.4199981689453,1539900,0.0,0.0
2018-03-16 00:00:00-04:00,137.0800018310547,137.0800018310547,134.47000122070312,135.3300018310547,1704400,0.0,0.0
2018-03-19 00:00:00-04:00,133.61000061035156,134.33999633789062,129.50999450683594,131.60000610351562,2529300,0.0,0.0
2018-03-20 00:00:00-04:00,131.69000244140625,133.9199981689453,130.77000427246094,133.0800018310547,1500100,0.0,0.0
2018-03-21 00:00:00-04:00,133.3000030517578,135.52000427246094,132.27999877929688,133.42999267578125,1077200,0.0,0.0
2018-03-22 00:00:00-04:00,131.88999938964844,133.55999755859375,130.41000366210938,131.22000122070312,1045000,0.0,0.0
2018-03-23 00:00:00-04:00,131.13999938964844,131.5399932861328,127.61000061035156,127.63999938964844,1073300,0.0,0.0
2018-03-26 00:00:00-04:00,129.69000244140625,132.42999267578125,129.5,131.74000549316406,1643500,0.0,0.0
2018-03-27 00:00:00-04:00,133.0,133.0,125.20999908447266,126.44000244140625,1539600,0.0,0.0
2018-03-28 00:00:00-04:00,125.7699966430664,126.75,122.51000213623047,123.7699966430664,1631900,0.0,0.0
2018-03-29 00:00:00-04:00,125.08000183105469,129.0,123.12999725341797,127.11000061035156,1438600,0.0,0.0
2018-04-02 00:00:00-04:00,125.83999633789062,127.29000091552734,123.4000015258789,125.23999786376953,1091800,0.0,0.0
2018-04-03 00:00:00-04:00,126.0,126.81999969482422,123.23999786376953,125.01000213623047,1159200,0.0,0.0
2018-04-04 00:00:00-04:00,122.7300033569336,126.45999908447266,122.55000305175781,126.04000091552734,1863500,0.0,0.0
2018-04-05 00:00:00-04:00,127.4800033569336,127.76000213623047,125.0999984741211,126.0,1780500,0.0,0.0
2018-04-06 00:00:00-04:00,124.73999786376953,126.16999816894531,121.93000030517578,122.58000183105469,1299500,0.0,0.0
2018-04-09 00:00:00-04:00,123.80000305175781,126.18000030517578,123.22000122070312,123.29000091552734,1105000,0.0,0.0
2018-04-10 00:00:00-04:00,127.1500015258789,127.4800033569336,124.41999816894531,126.5,1170700,0.0,0.0
2018-04-11 00:00:00-04:00,126.38999938964844,128.5500030517578,125.31999969482422,126.62999725341797,817000,0.0,0.0
2018-04-12 00:00:00-04:00,127.5999984741211,129.05999755859375,126.86000061035156,128.22999572753906,1196900,0.0,0.0
2018-04-13 00:00:00-04:00,128.89999389648438,128.89999389648438,123.61000061035156,124.70999908447266,1208100,0.0,0.0
2018-04-16 00:00:00-04:00,125.94999694824219,127.97000122070312,125.12000274658203,126.83000183105469,1341500,0.0,0.0
2018-04-17 00:00:00-04:00,126.79000091552734,133.3699951171875,125.83999633789062,132.57000732421875,3174100,0.0,0.0
2018-04-18 00:00:00-04:00,131.00999450683594,133.55999755859375,129.6999969482422,132.60000610351562,1663500,0.0,0.0
2018-04-19 00:00:00-04:00,131.66000366210938,132.77000427246094,130.8800048828125,131.97000122070312,1594800,0.0,0.0
2018-04-20 00:00:00-04:00,131.5500030517578,132.41000366210938,129.80999755859375,130.52999877929688,1958200,0.0,0.0
2018-04-23 00:00:00-04:00,130.6199951171875,132.52999877929688,128.85000610351562,129.8300018310547,1132800,0.0,0.0
2018-04-24 00:00:00-04:00,130.44000244140625,132.99000549316406,123.54000091552734,125.55999755859375,1897000,0.0,0.0
2018-04-25 00:00:00-04:00,125.30999755859375,126.95999908447266,120.6500015258789,122.58000183105469,1805400,0.0,0.0
2018-04-26 00:00:00-04:00,123.83999633789062,126.77999877929688,122.95999908447266,125.93000030517578,1375900,0.0,0.0
2018-04-27 00:00:00-04:00,127.19999694824219,127.19999694824219,123.16999816894531,124.23999786376953,1694300,0.0,0.0
2018-04-30 00:00:00-04:00,124.87999725341797,125.8499984741211,123.44000244140625,124.83999633789062,1126800,0.0,0.0
2018-05-01 00:00:00-04:00,123.97000122070312,125.77999877929688,123.1500015258789,125.62000274658203,880500,0.0,0.0
2018-05-02 00:00:00-04:00,124.72000122070312,127.6500015258789,124.5,126.37000274658203,1227900,0.0,0.0
2018-05-03 00:00:00-04:00,126.11000061035156,129.6699981689453,126.0199966430664,128.6999969482422,1557700,0.0,0.0
2018-05-04 00:00:00-04:00,127.95999908447266,132.5800018310547,127.95999908447266,130.0500030517578,2020100,0.0,0.0
2018-05-07 00:00:00-04:00,130.11000061035156,134.0500030517578,130.0500030517578,133.1300048828125,1128300,0.0,0.0
2018-05-08 00:00:00-04:00,132.63999938964844,136.1999969482422,132.5399932861328,134.7899932861328,1330600,0.0,0.0
2018-05-09 00:00:00-04:00,135.55999755859375,137.5399932861328,134.55999755859375,136.5,1524100,0.0,0.0
2018-05-10 00:00:00-04:00,136.9499969482422,138.64999389648438,136.77000427246094,138.00999450683594,1211300,0.0,0.0
2018-05-11 00:00:00-04:00,138.22999572753906,138.33999633789062,134.74000549316406,135.74000549316406,1263800,0.0,0.0
2018-05-14 00:00:00-04:00,135.8000030517578,137.50999450683594,133.36000061035156,133.9600067138672,1147300,0.0,0.0
2018-05-15 00:00:00-04:00,133.1199951171875,133.9499969482422,131.41000366210938,133.42999267578125,984700,0.0,0.0
2018-05-16 00:00:00-04:00,132.82000732421875,135.27999877929688,132.3800048828125,133.97000122070312,845600,0.0,0.0
2018-05-17 00:00:00-04:00,133.25999450683594,134.38999938964844,131.63999938964844,132.9199981689453,1019700,0.0,0.0
2018-05-18 00:00:00-04:00,133.0,134.91000366210938,132.3000030517578,134.47999572753906,1510100,0.0,0.0
2018-05-21 00:00:00-04:00,135.82000732421875,136.0399932861328,130.6699981689453,131.6999969482422,1255700,0.0,0.0
2018-05-22 00:00:00-04:00,132.3000030517578,133.07000732421875,130.07000732421875,130.35000610351562,1499200,0.0,0.0
2018-05-23 00:00:00-04:00,127.80999755859375,129.69000244140625,126.3499984741211,129.52000427246094,2569600,0.0,0.0
2018-05-24 00:00:00-04:00,129.89999389648438,132.22000122070312,129.22999572753906,130.5,1562900,0.0,0.0
2018-05-25 00:00:00-04:00,131.0800018310547,132.6999969482422,130.5,130.7899932861328,1335400,0.0,0.0
2018-05-29 00:00:00-04:00,130.1999969482422,130.94000244140625,129.3699951171875,130.41000366210938,1709500,0.0,0.0
2018-05-30 00:00:00-04:00,132.05999755859375,134.25999450683594,131.44000244140625,131.77999877929688,2144900,0.0,0.0
2018-05-31 00:00:00-04:00,132.0399932861328,134.0800018310547,130.61000061035156,130.9600067138672,2806000,0.0,0.0
2018-06-01 00:00:00-04:00,125.83000183105469,127.44999694824219,123.62000274658203,126.29000091552734,5722200,0.0,0.0
2018-06-04 00:00:00-04:00,127.33000183105469,128.17999267578125,123.9000015258789,128.14999389648438,3012500,0.0,0.0
2018-06-05 00:00:00-04:00,128.33999633789062,129.8699951171875,127.83999633789062,128.7100067138672,1776700,0.0,0.0
2018-06-06 00:00:00-04:00,128.82000732421875,129.7100067138672,127.27999877929688,128.30999755859375,2365900,0.0,0.0
2018-06-07 00:00:00-04:00,128.32000732421875,128.86000061035156,121.86000061035156,123.37000274658203,3135100,0.0,0.0
2018-06-08 00:00:00-04:00,123.01000213623047,124.9800033569336,122.31999969482422,123.9000015258789,2000300,0.0,0.0
2018-06-11 00:00:00-04:00,123.30999755859375,124.27999877929688,121.68000030517578,123.23999786376953,2167200,0.0,0.0
2018-06-12 00:00:00-04:00,123.75,127.37000274658203,123.69000244140625,126.58999633789062,3293000,0.0,0.0
2018-06-13 00:00:00-04:00,127.23999786376953,127.94000244140625,125.2300033569336,126.44000244140625,1522500,0.0,0.0
2018-06-14 00:00:00-04:00,127.70999908447266,130.75,126.94000244140625,128.1999969482422,2564000,0.0,0.0
2018-06-15 00:00:00-04:00,127.98999786376953,128.64999389648438,125.91000366210938,128.08999633789062,2070200,0.0,0.0
2018-06-18 00:00:00-04:00,126.2300033569336,132.32000732421875,126.2300033569336,131.1300048828125,2195400,0.0,0.0
2018-06-19 00:00:00-04:00,129.5,130.2899932861328,127.41000366210938,129.55999755859375,1776900,0.0,0.0
2018-06-20 00:00:00-04:00,130.10000610351562,131.61000061035156,128.1699981689453,128.17999267578125,1703300,0.0,0.0
2018-06-21 00:00:00-04:00,128.32000732421875,129.88999938964844,124.66999816894531,125.76000213623047,1604700,0.0,0.0
2018-06-22 00:00:00-04:00,125.31999969482422,125.73999786376953,122.5,124.01000213623047,2462900,0.0,0.0
2018-06-25 00:00:00-04:00,122.69999694824219,123.41000366210938,119.04000091552734,120.72000122070312,2496000,0.0,0.0
2018-06-26 00:00:00-04:00,120.76000213623047,123.55000305175781,120.41999816894531,121.81999969482422,2288200,0.0,0.0
2018-06-27 00:00:00-04:00,123.08000183105469,124.52999877929688,117.52999877929688,117.72000122070312,2462600,0.0,0.0
2018-06-28 00:00:00-04:00,117.9000015258789,120.69000244140625,117.23999786376953,119.91000366210938,2223600,0.0,0.0
2018-06-29 00:00:00-04:00,120.70999908447266,122.18000030517578,120.54000091552734,121.12000274658203,1497000,0.0,0.0
2018-07-02 00:00:00-04:00,120.0,124.37999725341797,119.5999984741211,124.26000213623047,1297000,0.0,0.0
2018-07-03 00:00:00-04:00,124.11000061035156,124.86000061035156,123.0,123.73999786376953,935700,0.0,0.0
2018-07-05 00:00:00-04:00,124.12000274658203,126.56999969482422,123.2300033569336,126.38999938964844,2573600,0.0,0.0
2018-07-06 00:00:00-04:00,126.20999908447266,129.5500030517578,125.98999786376953,128.75,1929200,0.0,0.0
2018-07-09 00:00:00-04:00,128.97999572753906,129.94000244140625,125.69000244140625,129.10000610351562,2956200,0.0,0.0
2018-07-10 00:00:00-04:00,129.14999389648438,130.57000732421875,128.75999450683594,129.13999938964844,1815600,0.0,0.0
2018-07-11 00:00:00-04:00,128.25,132.0,127.0,131.6199951171875,1514600,0.0,0.0
2018-07-12 00:00:00-04:00,132.00999450683594,137.42999267578125,131.52999877929688,137.30999755859375,2666100,0.0,0.0
2018-07-13 00:00:00-04:00,137.0,137.16000366210938,133.3800048828125,134.75999450683594,2090000,0.0,0.0
2018-07-16 00:00:00-04:00,135.25,135.61000061035156,132.44000244140625,132.8800048828125,1302300,0.0,0.0
2018-07-17 00:00:00-04:00,130.72999572753906,133.67999267578125,129.32000732421875,133.1999969482422,1275500,0.0,0.0
2018-07-18 00:00:00-04:00,133.02000427246094,133.83999633789062,131.77999877929688,133.19000244140625,1503200,0.0,0.0
2018-07-19 00:00:00-04:00,132.52999877929688,135.5,131.86000061035156,132.97999572753906,814100,0.0,0.0
2018-07-20 00:00:00-04:00,133.02999877929688,133.58999633789062,132.1199951171875,132.3300018310547,1041000,0.0,0.0
2018-07-23 00:00:00-04:00,132.17999267578125,134.02999877929688,130.72000122070312,133.9199981689453,1400200,0.0,0.0
2018-07-24 00:00:00-04:00,134.80999755859375,134.8300018310547,129.60000610351562,130.91000366210938,1535000,0.0,0.0
2018-07-25 00:00:00-04:00,131.32000732421875,134.13999938964844,131.32000732421875,133.6699981689453,1205300,0.0,0.0
2018-07-26 00:00:00-04:00,132.8000030517578,135.77999877929688,131.5500030517578,134.41000366210938,1420100,0.0,0.0
2018-07-27 00:00:00-04:00,134.35000610351562,134.52000427246094,128.25,130.5500030517578,1901300,0.0,0.0
2018-07-30 00:00:00-04:00,130.47000122070312,130.47000122070312,122.30000305175781,123.9000015258789,2061000,0.0,0.0
2018-07-31 00:00:00-04:00,124.62999725341797,126.16000366210938,122.30000305175781,124.0199966430664,1335200,0.0,0.0
2018-08-01 00:00:00-04:00,123.61000061035156,127.26000213623047,122.91999816894531,126.37999725341797,1446700,0.0,0.0
2018-08-02 00:00:00-04:00,125.33000183105469,131.16000366210938,125.01000213623047,130.77999877929688,1200300,0.0,0.0
2018-08-03 00:00:00-04:00,130.8000030517578,130.99000549316406,127.68000030517578,129.16000366210938,819600,0.0,0.0
2018-08-06 00:00:00-04:00,129.08999633789062,132.1300048828125,128.52999877929688,131.5500030517578,803700,0.0,0.0
2018-08-07 00:00:00-04:00,131.5399932861328,133.5500030517578,131.02999877929688,132.75,1663500,0.0,0.0
2018-08-08 00:00:00-04:00,132.75999450683594,135.2899932861328,131.72999572753906,135.00999450683594,1321200,0.0,0.0
2018-08-09 00:00:00-04:00,135.0,138.1300048828125,134.08999633789062,136.52999877929688,1258800,0.0,0.0
2018-08-10 00:00:00-04:00,135.92999267578125,138.5399932861328,135.05999755859375,137.1699981689453,1054900,0.0,0.0
2018-08-13 00:00:00-04:00,137.0,139.3800048828125,136.89999389648438,137.08999633789062,1410200,0.0,0.0
2018-08-14 00:00:00-04:00,137.47999572753906,138.77999877929688,135.52000427246094,137.39999389648438,1078500,0.0,0.0
2018-08-15 00:00:00-04:00,136.5500030517578,142.5,135.85000610351562,139.1999969482422,4244000,0.0,0.0
2018-08-16 00:00:00-04:00,139.72999572753906,141.8300018310547,139.16000366210938,140.0500030517578,1949600,0.0,0.0
2018-08-17 00:00:00-04:00,139.4499969482422,142.77000427246094,138.63999938964844,142.64999389648438,1538700,0.0,0.0
2018-08-20 00:00:00-04:00,142.6999969482422,144.22000122070312,141.66000366210938,143.2899932861328,2192300,0.0,0.0
2018-08-21 00:00:00-04:00,144.0,147.8000030517578,143.85000610351562,145.00999450683594,1758300,0.0,0.0
2018-08-22 00:00:00-04:00,144.38999938964844,146.97000122070312,144.38999938964844,146.13999938964844,1026200,0.0,0.0
2018-08-23 00:00:00-04:00,146.13999938964844,147.72999572753906,145.1999969482422,145.67999267578125,1154300,0.0,0.0
2018-08-24 00:00:00-04:00,147.64999389648438,151.72000122070312,147.5,151.0,1875100,0.0,0.0
2018-08-27 00:00:00-04:00,151.5500030517578,152.8000030517578,149.69000244140625,151.67999267578125,1292100,0.0,0.0
2018-08-28 00:00:00-04:00,152.0,153.22000122070312,150.91000366210938,152.25999450683594,2610400,0.0,0.0
2018-08-29 00:00:00-04:00,152.97999572753906,154.5800018310547,152.27999877929688,153.77999877929688,1754500,0.0,0.0
2018-08-30 00:00:00-04:00,154.0,155.80999755859375,152.8800048828125,153.80999755859375,1595100,0.0,0.0
2018-08-31 00:00:00-04:00,152.88999938964844,155.35000610351562,152.5,154.5399932861328,1471900,0.0,0.0
2018-09-04 00:00:00-04:00,154.4199981689453,157.1199951171875,152.39999389648438,156.69000244140625,3368900,0.0,0.0
2018-09-05 00:00:00-04:00,153.0,155.47000122070312,141.02000427246094,142.2100067138672,6446300,0.0,0.0
2018-09-06 00:00:00-04:00,143.3000030517578,146.24000549316406,143.02999877929688,144.52000427246094,2438000,0.0,0.0
2018-09-07 00:00:00-04:00,144.0,147.42999267578125,142.13999938964844,144.92999267578125,2405100,0.0,0.0
2018-09-10 00:00:00-04:00,145.19000244140625,145.25999450683594,141.41000366210938,143.66000366210938,1817500,0.0,0.0
2018-09-11 00:00:00-04:00,143.8000030517578,147.8000030517578,143.25999450683594,146.14999389648438,1737000,0.0,0.0
2018-09-12 00:00:00-04:00,147.0,148.4199981689453,144.14999389648438,148.2100067138672,1551200,0.0,0.0
2018-09-13 00:00:00-04:00,148.9600067138672,152.17999267578125,148.77999877929688,150.5399932861328,1648000,0.0,0.0
2018-09-14 00:00:00-04:00,151.7899932861328,153.0800018310547,150.47000122070312,151.07000732421875,827100,0.0,0.0
2018-09-17 00:00:00-04:00,151.47000122070312,151.47000122070312,144.5399932861328,144.72999572753906,1828000,0.0,0.0
2018-09-18 00:00:00-04:00,145.0,147.36000061035156,143.30999755859375,143.67999267578125,1743600,0.0,0.0
2018-09-19 00:00:00-04:00,143.1999969482422,143.77000427246094,138.39999389648438,140.66000366210938,2006600,0.0,0.0
2018-09-20 00:00:00-04:00,140.83999633789062,142.3800048828125,139.52000427246094,141.66000366210938,1244000,0.0,0.0
2018-09-21 00:00:00-04:00,141.75999450683594,142.7899932861328,138.47999572753906,138.6300048828125,1819100,0.0,0.0
2018-09-24 00:00:00-04:00,137.64999389648438,141.63999938964844,135.8300018310547,141.5,1463000,0.0,0.0
2018-09-25 00:00:00-04:00,142.0,144.82000732421875,141.25,143.7899932861328,1557000,0.0,0.0
2018-09-26 00:00:00-04:00,143.77999877929688,145.7100067138672,142.7899932861328,144.50999450683594,1429800,0.0,0.0
2018-09-27 00:00:00-04:00,145.25,147.3000030517578,145.02000427246094,145.97000122070312,1054000,0.0,0.0
2018-09-28 00:00:00-04:00,145.92999267578125,147.19000244140625,144.49000549316406,145.97999572753906,1122600,0.0,0.0
2018-10-01 00:00:00-04:00,147.19000244140625,148.38999938964844,145.52000427246094,145.8699951171875,1614600,0.0,0.0
2018-10-02 00:00:00-04:00,145.5,145.64999389648438,141.80999755859375,142.89999389648438,1481800,0.0,0.0
2018-10-03 00:00:00-04:00,144.6300048828125,147.47999572753906,143.3800048828125,145.66000366210938,1513500,0.0,0.0
2018-10-04 00:00:00-04:00,144.4499969482422,145.61000061035156,137.89999389648438,139.75999450683594,1808900,0.0,0.0
2018-10-05 00:00:00-04:00,139.75999450683594,142.0,135.8300018310547,139.97000122070312,1430500,0.0,0.0
2018-10-08 00:00:00-04:00,138.42999267578125,138.77999877929688,130.5800018310547,132.4199981689453,3009700,0.0,0.0
2018-10-09 00:00:00-04:00,131.5500030517578,134.27000427246094,129.7899932861328,131.6699981689453,2919800,0.0,0.0
2018-10-10 00:00:00-04:00,131.25999450683594,131.32000732421875,122.88999938964844,124.30000305175781,4187100,0.0,0.0
2018-10-11 00:00:00-04:00,124.05000305175781,127.27999877929688,121.77999877929688,124.75,2748700,0.0,0.0
2018-10-12 00:00:00-04:00,127.33000183105469,130.35000610351562,125.01000213623047,128.30999755859375,2083900,0.0,0.0
2018-10-15 00:00:00-04:00,127.51000213623047,128.5500030517578,125.22000122070312,127.0,2207400,0.0,0.0
2018-10-16 00:00:00-04:00,130.3699951171875,134.61000061035156,129.17999267578125,134.19000244140625,2185500,0.0,0.0
2018-10-17 00:00:00-04:00,138.14999389648438,139.1199951171875,134.5399932861328,137.25,2491200,0.0,0.0
2018-10-18 00:00:00-04:00,136.19000244140625,136.77000427246094,129.17999267578125,130.42999267578125,2142600,0.0,0.0
2018-10-19 00:00:00-04:00,131.77999877929688,132.5399932861328,126.88999938964844,127.69999694824219,1855700,0.0,0.0
2018-10-22 00:00:00-04:00,128.3699951171875,130.17999267578125,125.83000183105469,129.72000122070312,1633100,0.0,0.0
2018-10-23 00:00:00-04:00,126.80000305175781,130.30999755859375,126.30000305175781,128.77999877929688,1664400,0.0,0.0
2018-10-24 00:00:00-04:00,128.88999938964844,130.4199981689453,122.0199966430664,122.11000061035156,1890900,0.0,0.0
2018-10-25 00:00:00-04:00,124.0,126.80000305175781,122.68000030517578,125.83999633789062,1413100,0.0,0.0
2018-10-26 00:00:00-04:00,122.51000213623047,125.06999969482422,118.62000274658203,120.6500015258789,2785200,0.0,0.0
2018-10-29 00:00:00-04:00,126.0,128.74000549316406,120.06999969482422,122.75,2605100,0.0,0.0
2018-10-30 00:00:00-04:00,122.11000061035156,129.75,121.02999877929688,128.02000427246094,2843600,0.0,0.0
2018-10-31 00:00:00-04:00,130.80999755859375,134.30999755859375,130.00999450683594,133.02000427246094,1870900,0.0,0.0
2018-11-01 00:00:00-04:00,133.5500030517578,137.99000549316406,132.11000061035156,137.88999938964844,2131400,0.0,0.0
2018-11-02 00:00:00-04:00,138.0,140.39999389648438,132.57000732421875,132.83999633789062,2517600,0.0,0.0
2018-11-05 00:00:00-05:00,132.85000610351562,133.36000061035156,128.3800048828125,130.32000732421875,1949200,0.0,0.0
2018-11-06 00:00:00-05:00,131.5,136.0399932861328,131.0399932861328,134.97999572753906,1707800,0.0,0.0
2018-11-07 00:00:00-05:00,137.0,145.17999267578125,136.61000061035156,144.24000549316406,2952900,0.0,0.0
2018-11-08 00:00:00-05:00,144.22999572753906,146.8800048828125,142.3699951171875,145.99000549316406,1629100,0.0,0.0
2018-11-09 00:00:00-05:00,143.6999969482422,144.99000549316406,138.22999572753906,139.92999267578125,1832600,0.0,0.0
2018-11-12 00:00:00-05:00,138.58999633789062,139.67999267578125,131.86000061035156,133.10000610351562,2601200,0.0,0.0
2018-11-13 00:00:00-05:00,133.5500030517578,136.83999633789062,131.75,135.05999755859375,1627900,0.0,0.0
2018-11-14 00:00:00-05:00,136.2100067138672,139.0800018310547,131.91000366210938,132.38999938964844,1743100,0.0,0.0
2018-11-15 00:00:00-05:00,131.86000061035156,136.2899932861328,130.72999572753906,136.17999267578125,1814800,0.0,0.0
2018-11-16 00:00:00-05:00,134.39999389648438,136.4199981689453,132.52000427246094,134.22999572753906,1360700,0.0,0.0
2018-11-19 00:00:00-05:00,133.5500030517578,133.97000122070312,123.69999694824219,124.06999969482422,2752200,0.0,0.0
2018-11-20 00:00:00-05:00,119.7300033569336,128.60000610351562,117.72000122070312,126.80999755859375,2973200,0.0,0.0
2018-11-21 00:00:00-05:00,129.97999572753906,134.05999755859375,128.69000244140625,133.10000610351562,1730500,0.0,0.0
2018-11-23 00:00:00-05:00,130.8699951171875,135.8699951171875,130.2100067138672,135.25999450683594,646000,0.0,0.0
2018-11-26 00:00:00-05:00,138.4199981689453,141.14999389648438,136.1199951171875,140.22999572753906,2123000,0.0,0.0
2018-11-27 00:00:00-05:00,137.83999633789062,140.47999572753906,136.61000061035156,138.75,1692100,0.0,0.0
2018-11-28 00:00:00-05:00,145.0,147.44000244140625,140.80999755859375,145.8300018310547,3192100,0.0,0.0
2018-11-29 00:00:00-05:00,143.3699951171875,146.5800018310547,143.11000061035156,145.3000030517578,3428900,0.0,0.0
2018-11-30 00:00:00-05:00,155.14999389648438,166.36000061035156,152.00999450683594,164.0,9634400,0.0,0.0
2018-12-03 00:00:00-05:00,164.49000549316406,167.8800048828125,162.0800018310547,167.8000030517578,4177300,0.0,0.0
2018-12-04 00:00:00-05:00,165.22999572753906,172.6699981689453,164.2100067138672,165.02000427246094,4779200,0.0,0.0
2018-12-06 00:00:00-05:00,160.2100067138672,169.49000549316406,158.11000061035156,168.1300048828125,4337600,0.0,0.0
2018-12-07 00:00:00-05:00,166.97000122070312,167.3300018310547,158.85000610351562,160.42999267578125,4003000,0.0,0.0
2018-12-10 00:00:00-05:00,159.8800048828125,164.97999572753906,158.0,159.67999267578125,2684100,0.0,0.0
2018-12-11 00:00:00-05:00,164.32000732421875,165.4199981689453,161.52000427246094,162.94000244140625,2415100,0.0,0.0
2018-12-12 00:00:00-05:00,167.0500030517578,170.47000122070312,165.07000732421875,165.52000427246094,3222000,0.0,0.0
2018-12-13 00:00:00-05:00,166.57000732421875,167.19000244140625,161.41000366210938,164.64999389648438,1689600,0.0,0.0
2018-12-14 00:00:00-05:00,161.02999877929688,164.0,159.30999755859375,162.02999877929688,2137200,0.0,0.0
2018-12-17 00:00:00-05:00,160.13999938964844,161.0800018310547,153.67999267578125,153.75999450683594,3227200,0.0,0.0
2018-12-18 00:00:00-05:00,155.0800018310547,157.41000366210938,153.58999633789062,155.7100067138672,3015300,0.0,0.0
2018-12-19 00:00:00-05:00,156.52999877929688,160.75999450683594,152.6199951171875,155.69000244140625,2221800,0.0,0.0
2018-12-20 00:00:00-05:00,155.32000732421875,157.39999389648438,145.55999755859375,152.05999755859375,4170500,0.0,0.0
2018-12-21 00:00:00-05:00,153.5500030517578,154.30999755859375,142.00999450683594,144.92999267578125,4345500,0.0,0.0
2018-12-24 00:00:00-05:00,142.88999938964844,147.94000244140625,141.6999969482422,142.41000366210938,839800,0.0,0.0
2018-12-26 00:00:00-05:00,143.83999633789062,153.89999389648438,143.49000549316406,153.80999755859375,2204900,0.0,0.0
2018-12-27 00:00:00-05:00,151.5399932861328,159.13999938964844,150.7899932861328,158.49000549316406,1940400,0.0,0.0
2018-12-28 00:00:00-05:00,159.27000427246094,162.2100067138672,154.14999389648438,159.55999755859375,1766000,0.0,0.0
2018-12-31 00:00:00-05:00,160.7899932861328,161.94000244140625,158.27000427246094,159.67999267578125,1379600,0.0,0.0
2019-01-02 00:00:00-05:00,155.9600067138672,160.0,155.35000610351562,159.74000549316406,1796500,0.0,0.0
2019-01-03 00:00:00-05:00,156.60000610351562,158.8000030517578,152.32000732421875,154.02000427246094,1828800,0.0,0.0
2019-01-04 00:00:00-05:00,157.75999450683594,165.0,155.5800018310547,163.35000610351562,3077700,0.0,0.0
2019-01-07 00:00:00-05:00,164.11000061035156,166.94000244140625,162.77000427246094,163.5,3294200,0.0,0.0
2019-01-08 00:00:00-05:00,165.1199951171875,167.0,161.13999938964844,166.9499969482422,2146600,0.0,0.0
2019-01-09 00:00:00-05:00,168.0,169.0800018310547,165.42999267578125,166.17999267578125,2471500,0.0,0.0
2019-01-10 00:00:00-05:00,165.00999450683594,168.10000610351562,164.02000427246094,167.9600067138672,1768300,0.0,0.0
2019-01-11 00:00:00-05:00,167.1699981689453,169.50999450683594,166.25999450683594,167.4600067138672,1422400,0.0,0.0
2019-01-14 00:00:00-05:00,165.38999938964844,166.92999267578125,163.13999938964844,163.3300018310547,1816700,0.0,0.0
2019-01-15 00:00:00-05:00,164.38999938964844,166.52000427246094,163.6999969482422,164.47000122070312,3023400,0.0,0.0
2019-01-16 00:00:00-05:00,163.86000061035156,165.55999755859375,162.1300048828125,165.33999633789062,2420200,0.0,0.0
2019-01-17 00:00:00-05:00,163.88999938964844,168.47999572753906,163.60000610351562,166.5800018310547,1619800,0.0,0.0
2019-01-18 00:00:00-05:00,168.5,172.13999938964844,166.9600067138672,172.0800018310547,2173200,0.0,0.0
2019-01-22 00:00:00-05:00,170.24000549316406,172.44000244140625,169.05999755859375,170.77000427246094,1614400,0.0,0.0
2019-01-23 00:00:00-05:00,171.13999938964844,176.13999938964844,170.52000427246094,171.66000366210938,2004600,0.0,0.0
2019-01-24 00:00:00-05:00,172.0,173.69000244140625,170.1999969482422,171.1999969482422,1216800,0.0,0.0
2019-01-25 00:00:00-05:00,173.11000061035156,176.1199951171875,171.63999938964844,175.5800018310547,1385700,0.0,0.0
2019-01-28 00:00:00-05:00,174.47999572753906,174.97999572753906,170.6699981689453,172.5,1037800,0.0,0.0
2019-01-29 00:00:00-05:00,172.88999938964844,173.5,164.47999572753906,166.69000244140625,2641800,0.0,0.0
2019-01-30 00:00:00-05:00,168.39999389648438,172.66000366210938,167.36000061035156,172.6199951171875,1864100,0.0,0.0
2019-01-31 00:00:00-05:00,180.5,184.97999572753906,179.2899932861328,181.52999877929688,3165900,0.0,0.0
2019-02-01 00:00:00-05:00,180.6699981689453,186.9499969482422,180.3300018310547,186.05999755859375,2477700,0.0,0.0
2019-02-04 00:00:00-05:00,186.0500030517578,189.19000244140625,185.0,186.77999877929688,1797500,0.0,0.0
2019-02-05 00:00:00-05:00,188.2100067138672,190.35000610351562,187.5,189.2899932861328,2041900,0.0,0.0
2019-02-06 00:00:00-05:00,188.60000610351562,189.57000732421875,184.69000244140625,188.47999572753906,1189500,0.0,0.0
2019-02-07 00:00:00-05:00,186.25999450683594,187.33999633789062,183.14999389648438,186.61000061035156,1341900,0.0,0.0
2019-02-08 00:00:00-05:00,184.97999572753906,189.97000122070312,184.7899932861328,189.41000366210938,1570200,0.0,0.0
2019-02-11 00:00:00-05:00,192.66000366210938,192.89999389648438,188.38999938964844,190.3000030517578,1611800,0.0,0.0
2019-02-12 00:00:00-05:00,192.88999938964844,193.0800018310547,188.80999755859375,189.52000427246094,2099100,0.0,0.0
2019-02-13 00:00:00-05:00,190.1699981689453,191.0800018310547,186.25999450683594,187.75,1664800,0.0,0.0
2019-02-14 00:00:00-05:00,186.97999572753906,189.8000030517578,186.97999572753906,188.5399932861328,1425800,0.0,0.0
2019-02-15 00:00:00-05:00,193.0,193.3699951171875,187.91000366210938,190.7899932861328,1717000,0.0,0.0
2019-02-19 00:00:00-05:00,190.19000244140625,192.9199981689453,190.00999450683594,192.74000549316406,1347200,0.0,0.0
2019-02-20 00:00:00-05:00,192.49000549316406,193.72999572753906,187.17999267578125,188.64999389648438,1846600,0.0,0.0
2019-02-21 00:00:00-05:00,188.4199981689453,190.67999267578125,187.22000122070312,189.47000122070312,1335300,0.0,0.0
2019-02-22 00:00:00-05:00,190.44000244140625,194.80999755859375,190.27999877929688,194.6999969482422,1305000,0.0,0.0
2019-02-25 00:00:00-05:00,196.13999938964844,198.97000122070312,195.1999969482422,196.22999572753906,1930000,0.0,0.0
2019-02-26 00:00:00-05:00,195.38999938964844,197.7899932861328,194.42999267578125,195.1199951171875,2075500,0.0,0.0
2019-02-27 00:00:00-05:00,196.00999450683594,198.13999938964844,193.85000610351562,197.4499969482422,1487600,0.0,0.0
2019-02-28 00:00:00-05:00,197.50999450683594,199.4499969482422,195.7100067138672,197.92999267578125,2936800,0.0,0.0
2019-03-01 00:00:00-05:00,199.85000610351562,200.0,187.1300048828125,189.13999938964844,5545300,0.0,0.0
2019-03-04 00:00:00-05:00,189.35000610351562,190.3000030517578,175.50999450683594,179.22000122070312,6069900,0.0,0.0
2019-03-05 00:00:00-05:00,180.3300018310547,183.22999572753906,178.36000061035156,181.9600067138672,3371400,0.0,0.0
2019-03-06 00:00:00-05:00,182.85000610351562,183.99000549316406,179.77999877929688,182.42999267578125,1438000,0.0,0.0
2019-03-07 00:00:00-05:00,181.25999450683594,184.9499969482422,180.2100067138672,181.75,1867400,0.0,0.0
2019-03-08 00:00:00-05:00,178.4199981689453,181.82000732421875,176.47000122070312,181.61000061035156,1616700,0.0,0.0
2019-03-11 00:00:00-04:00,182.24000549316406,186.25,182.0,185.5,1987800,0.0,0.0
2019-03-12 00:00:00-04:00,186.5399932861328,188.85000610351562,184.74000549316406,187.33999633789062,1681100,0.0,0.0
2019-03-13 00:00:00-04:00,188.5,190.74000549316406,186.1199951171875,186.16000366210938,1820700,0.0,0.0
2019-03-14 00:00:00-04:00,185.9600067138672,188.7899932861328,184.8000030517578,187.0399932861328,1644500,0.0,0.0
2019-03-15 00:00:00-04:00,185.27000427246094,187.77000427246094,184.1699981689453,186.69000244140625,2630100,0.0,0.0
2019-03-18 00:00:00-04:00,186.36000061035156,190.39999389648438,185.88999938964844,187.50999450683594,1743000,0.0,0.0
2019-03-19 00:00:00-04:00,188.61000061035156,192.0800018310547,186.80999755859375,191.52999877929688,2239400,0.0,0.0
2019-03-20 00:00:00-04:00,192.0,195.22000122070312,189.74000549316406,192.7100067138672,1288800,0.0,0.0
2019-03-21 00:00:00-04:00,191.61000061035156,197.86000061035156,191.00999450683594,197.5800018310547,1032600,0.0,0.0
2019-03-22 00:00:00-04:00,196.25,196.9499969482422,190.7100067138672,191.0800018310547,1367100,0.0,0.0
2019-03-25 00:00:00-04:00,190.6199951171875,191.7100067138672,188.14999389648438,190.6999969482422,1109000,0.0,0.0
2019-03-26 00:00:00-04:00,192.19000244140625,194.3699951171875,190.91000366210938,192.63999938964844,920700,0.0,0.0
2019-03-27 00:00:00-04:00,192.0,192.77000427246094,185.42999267578125,189.67999267578125,1265100,0.0,0.0
2019-03-28 00:00:00-04:00,190.07000732421875,192.4499969482422,188.75999450683594,190.1999969482422,838100,0.0,0.0
2019-03-29 00:00:00-04:00,191.88999938964844,194.2100067138672,190.77000427246094,192.85000610351562,1081400,0.0,0.0
2019-04-01 00:00:00-04:00,193.50999450683594,196.8800048828125,190.0800018310547,192.75,1223400,0.0,0.0
2019-04-02 00:00:00-04:00,192.94000244140625,194.1699981689453,191.0,193.77999877929688,720300,0.0,0.0
2019-04-03 00:00:00-04:00,194.50999450683594,194.91000366210938,191.8800048828125,193.5,1271800,0.0,0.0
2019-04-04 00:00:00-04:00,193.10000610351562,193.17999267578125,179.0800018310547,185.47000122070312,3829200,0.0,0.0
2019-04-05 00:00:00-04:00,186.63999938964844,187.42999267578125,183.0800018310547,186.2899932861328,1723200,0.0,0.0
2019-04-08 00:00:00-04:00,185.88999938964844,187.22000122070312,182.5,187.11000061035156,824600,0.0,0.0
2019-04-09 00:00:00-04:00,185.5500030517578,190.9600067138672,184.5500030517578,190.8000030517578,1765000,0.0,0.0
2019-04-10 00:00:00-04:00,191.91000366210938,196.72999572753906,190.67999267578125,195.10000610351562,1693200,0.0,0.0
2019-04-11 00:00:00-04:00,195.02999877929688,196.72999572753906,193.75999450683594,195.8699951171875,811900,0.0,0.0
2019-04-12 00:00:00-04:00,196.5,197.39999389648438,193.8300018310547,195.75,865400,0.0,0.0
2019-04-15 00:00:00-04:00,195.02000427246094,195.63999938964844,191.27000427246094,192.91000366210938,1760900,0.0,0.0
2019-04-16 00:00:00-04:00,192.3800048828125,198.58999633789062,192.3800048828125,195.7899932861328,2245600,0.0,0.0
2019-04-17 00:00:00-04:00,195.69000244140625,196.0,189.80999755859375,191.02000427246094,1515900,0.0,0.0
2019-04-18 00:00:00-04:00,191.00999450683594,191.00999450683594,184.25,187.8300018310547,2505600,0.0,0.0
2019-04-22 00:00:00-04:00,187.7100067138672,189.97999572753906,186.7899932861328,189.3699951171875,1053700,0.0,0.0
2019-04-23 00:00:00-04:00,190.82000732421875,195.5,189.69000244140625,195.1999969482422,1439400,0.0,0.0
2019-04-24 00:00:00-04:00,195.7899932861328,197.7100067138672,194.9600067138672,195.3699951171875,1382900,0.0,0.0
2019-04-25 00:00:00-04:00,197.00999450683594,199.36000061035156,195.8000030517578,198.82000732421875,1520500,0.0,0.0
2019-04-26 00:00:00-04:00,199.9499969482422,204.6199951171875,198.32000732421875,204.41000366210938,1526200,0.0,0.0
2019-04-29 00:00:00-04:00,205.0,206.47999572753906,203.60000610351562,204.50999450683594,1002900,0.0,0.0
2019-04-30 00:00:00-04:00,204.47999572753906,208.3300018310547,203.0500030517578,205.6300048828125,962800,0.0,0.0
2019-05-01 00:00:00-04:00,206.5,206.85000610351562,201.17999267578125,201.17999267578125,1102400,0.0,0.0
2019-05-02 00:00:00-04:00,200.1699981689453,201.7899932861328,194.80999755859375,198.64999389648438,1320200,0.0,0.0
2019-05-03 00:00:00-04:00,200.77999877929688,203.7899932861328,198.0500030517578,203.1199951171875,789100,0.0,0.0
2019-05-06 00:00:00-04:00,196.69000244140625,203.27999877929688,195.0399932861328,202.97999572753906,1029300,0.0,0.0
2019-05-07 00:00:00-04:00,200.66000366210938,201.99000549316406,195.11000061035156,198.5399932861328,1242900,0.0,0.0
2019-05-08 00:00:00-04:00,198.0,200.0500030517578,195.66000366210938,196.9199981689453,2243600,0.0,0.0
2019-05-09 00:00:00-04:00,194.5500030517578,200.52000427246094,191.25,200.35000610351562,1310700,0.0,0.0
2019-05-10 00:00:00-04:00,198.77999877929688,204.22999572753906,197.33999633789062,203.52999877929688,1137300,0.0,0.0
2019-05-13 00:00:00-04:00,198.49000549316406,200.99000549316406,193.83999633789062,194.0800018310547,1951000,0.0,0.0
2019-05-14 00:00:00-04:00,196.25,202.11000061035156,195.3800048828125,201.27999877929688,1131500,0.0,0.0
2019-05-15 00:00:00-04:00,200.02999877929688,206.82000732421875,199.2899932861328,204.99000549316406,1277100,0.0,0.0
2019-05-16 00:00:00-04:00,205.0,213.97999572753906,204.4199981689453,212.0,2534300,0.0,0.0
2019-05-17 00:00:00-04:00,210.52999877929688,212.25,207.80999755859375,210.3800048828125,2434400,0.0,0.0
2019-05-20 00:00:00-04:00,208.13999938964844,209.36000061035156,202.6699981689453,202.80999755859375,1545600,0.0,0.0
2019-05-21 00:00:00-04:00,205.80999755859375,208.10000610351562,205.67999267578125,206.8300018310547,1429400,0.0,0.0
2019-05-22 00:00:00-04:00,205.1300048828125,210.8699951171875,205.1300048828125,210.41000366210938,2149500,0.0,0.0
2019-05-23 00:00:00-04:00,209.17999267578125,209.89999389648438,202.44000244140625,205.32000732421875,1548600,0.0,0.0
2019-05-24 00:00:00-04:00,207.02000427246094,213.1300048828125,206.5,210.72000122070312,1656500,0.0,0.0
2019-05-28 00:00:00-04:00,212.5,217.6300048828125,211.6300048828125,212.8699951171875,3754000,0.0,0.0
2019-05-29 00:00:00-04:00,209.85000610351562,210.0,199.36000061035156,203.22999572753906,5529300,0.0,0.0
2019-05-30 00:00:00-04:00,203.3300018310547,208.35000610351562,203.00999450683594,207.91000366210938,1702400,0.0,0.0
2019-05-31 00:00:00-04:00,203.89999389648438,207.8000030517578,203.0500030517578,204.1199951171875,1721300,0.0,0.0
2019-06-03 00:00:00-04:00,203.85000610351562,204.7899932861328,190.3800048828125,191.8800048828125,2941300,0.0,0.0
2019-06-04 00:00:00-04:00,193.52000427246094,195.99000549316406,189.6199951171875,195.7899932861328,3164100,0.0,0.0
2019-06-05 00:00:00-04:00,198.97999572753906,200.80999755859375,194.88999938964844,199.60000610351562,2095200,0.0,0.0
2019-06-06 00:00:00-04:00,199.1300048828125,205.3000030517578,198.2899932861328,204.11000061035156,1320400,0.0,0.0
2019-06-07 00:00:00-04:00,204.85000610351562,211.82000732421875,204.19000244140625,211.47000122070312,1823600,0.0,0.0
2019-06-10 00:00:00-04:00,213.67999267578125,217.0,213.3000030517578,213.69000244140625,1639800,0.0,0.0
2019-06-11 00:00:00-04:00,216.02000427246094,216.67999267578125,203.64999389648438,205.77000427246094,1829100,0.0,0.0
2019-06-12 00:00:00-04:00,205.1699981689453,214.02999877929688,205.07000732421875,209.4499969482422,1343800,0.0,0.0
2019-06-13 00:00:00-04:00,207.80999755859375,210.77000427246094,205.33999633789062,208.4600067138672,1536400,0.0,0.0
2019-06-14 00:00:00-04:00,207.99000549316406,209.89999389648438,205.10000610351562,208.0,1058400,0.0,0.0
2019-06-17 00:00:00-04:00,209.0,212.4499969482422,207.0399932861328,209.02999877929688,1411800,0.0,0.0
2019-06-18 00:00:00-04:00,212.0,215.47999572753906,211.30999755859375,213.24000549316406,1611400,0.0,0.0
2019-06-19 00:00:00-04:00,213.5,216.2100067138672,211.0,215.75999450683594,960700,0.0,0.0
2019-06-20 00:00:00-04:00,219.3300018310547,221.0,215.5800018310547,220.11000061035156,1847600,0.0,0.0
2019-06-21 00:00:00-04:00,218.27000427246094,219.02000427246094,215.83999633789062,216.3300018310547,1649600,0.0,0.0
2019-06-24 00:00:00-04:00,217.5,218.27000427246094,208.25,209.07000732421875,2330100,0.0,0.0
2019-06-25 00:00:00-04:00,209.66000366210938,210.08999633789062,203.02999877929688,204.52000427246094,1506700,0.0,0.0
2019-06-26 00:00:00-04:00,207.38999938964844,209.66000366210938,203.07000732421875,204.5800018310547,1350900,0.0,0.0
2019-06-27 00:00:00-04:00,205.0800018310547,207.58999633789062,203.27000427246094,206.25999450683594,1076700,0.0,0.0
2019-06-28 00:00:00-04:00,206.8699951171875,208.9499969482422,204.7100067138672,205.5800018310547,3488600,0.0,0.0
2019-07-01 00:00:00-04:00,210.35000610351562,213.66000366210938,208.5,213.47000122070312,1527200,0.0,0.0
2019-07-02 00:00:00-04:00,213.39999389648438,214.10000610351562,211.02000427246094,213.9600067138672,1147200,0.0,0.0
2019-07-03 00:00:00-04:00,214.9600067138672,217.5500030517578,213.5399932861328,216.8000030517578,1009200,0.0,0.0
2019-07-05 00:00:00-04:00,214.2100067138672,216.52999877929688,211.5500030517578,216.00999450683594,957200,0.0,0.0
2019-07-08 00:00:00-04:00,213.88999938964844,215.4600067138672,212.14999389648438,215.27000427246094,1451900,0.0,0.0
2019-07-09 00:00:00-04:00,214.0,219.58999633789062,213.3300018310547,218.74000549316406,1361400,0.0,0.0
2019-07-10 00:00:00-04:00,219.32000732421875,222.05999755859375,218.4499969482422,219.22999572753906,1100100,0.0,0.0
2019-07-11 00:00:00-04:00,219.5,224.42999267578125,219.5,224.3000030517578,1860100,0.0,0.0
2019-07-12 00:00:00-04:00,223.75999450683594,226.8300018310547,220.88999938964844,222.1699981689453,1686600,0.0,0.0
2019-07-15 00:00:00-04:00,221.66000366210938,221.99000549316406,217.10000610351562,218.0,1863600,0.0,0.0
2019-07-16 00:00:00-04:00,216.25,218.3000030517578,212.33999633789062,213.5,1655900,0.0,0.0
2019-07-17 00:00:00-04:00,213.97000122070312,218.7899932861328,213.66000366210938,218.00999450683594,1323500,0.0,0.0
2019-07-18 00:00:00-04:00,217.17999267578125,219.3699951171875,215.7100067138672,217.8800048828125,1167400,0.0,0.0
2019-07-19 00:00:00-04:00,220.0,221.5,214.00999450683594,214.24000549316406,932100,0.0,0.0
2019-07-22 00:00:00-04:00,214.9499969482422,216.4600067138672,214.0500030517578,214.33999633789062,986000,0.0,0.0
2019-07-23 00:00:00-04:00,216.47000122070312,216.47000122070312,208.36000061035156,211.97000122070312,1201600,0.0,0.0
2019-07-24 00:00:00-04:00,212.0800018310547,215.14999389648438,210.6699981689453,214.58999633789062,951400,0.0,0.0
2019-07-25 00:00:00-04:00,213.0399932861328,216.25999450683594,210.8300018310547,215.00999450683594,1002300,0.0,0.0
2019-07-26 00:00:00-04:00,216.27000427246094,218.9499969482422,215.47000122070312,215.88999938964844,911500,0.0,0.0
2019-07-29 00:00:00-04:00,216.5800018310547,217.0,205.44000244140625,212.5,1538200,0.0,0.0
2019-07-30 00:00:00-04:00,210.5,215.64999389648438,205.27000427246094,205.97000122070312,2260500,0.0,0.0
2019-07-31 00:00:00-04:00,206.4499969482422,208.69000244140625,199.67999267578125,199.97999572753906,2150500,0.0,0.0
2019-08-01 00:00:00-04:00,201.0,206.75999450683594,200.0,203.86000061035156,1679000,0.0,0.0
2019-08-02 00:00:00-04:00,202.41000366210938,202.49000549316406,194.88999938964844,195.8300018310547,2629500,0.0,0.0
2019-08-05 00:00:00-04:00,190.6999969482422,191.63999938964844,185.32000732421875,187.83999633789062,2768800,0.0,0.0
2019-08-06 00:00:00-04:00,189.55999755859375,191.6999969482422,185.64999389648438,187.3300018310547,1209600,0.0,0.0
2019-08-07 00:00:00-04:00,185.0,189.63999938964844,183.11000061035156,187.14999389648438,1122400,0.0,0.0
2019-08-08 00:00:00-04:00,188.22000122070312,192.82000732421875,188.22000122070312,192.7899932861328,1574900,0.0,0.0
2019-08-09 00:00:00-04:00,191.66000366210938,194.60000610351562,189.36000061035156,191.52000427246094,1072500,0.0,0.0
2019-08-12 00:00:00-04:00,190.00999450683594,192.25999450683594,189.10000610351562,189.74000549316406,957100,0.0,0.0
2019-08-13 00:00:00-04:00,192.5500030517578,193.6999969482422,189.67999267578125,192.14999389648438,1030000,0.0,0.0
2019-08-14 00:00:00-04:00,188.1699981689453,189.25,183.72999572753906,185.77000427246094,1231100,0.0,0.0
2019-08-15 00:00:00-04:00,185.27999877929688,187.10000610351562,182.72000122070312,185.99000549316406,1371900,0.0,0.0
2019-08-16 00:00:00-04:00,187.8800048828125,192.75,187.6999969482422,192.38999938964844,1562200,0.0,0.0
2019-08-19 00:00:00-04:00,194.5399932861328,195.5,187.39999389648438,187.63999938964844,1993000,0.0,0.0
2019-08-20 00:00:00-04:00,187.32000732421875,187.72999572753906,184.11000061035156,186.14999389648438,1099100,0.0,0.0
2019-08-21 00:00:00-04:00,188.17999267578125,193.1199951171875,187.89999389648438,190.9199981689453,1370700,0.0,0.0
2019-08-22 00:00:00-04:00,191.6999969482422,194.16000366210938,189.11000061035156,193.3699951171875,1216800,0.0,0.0
2019-08-23 00:00:00-04:00,196.5500030517578,199.4199981689453,191.55999755859375,192.1300048828125,2377600,0.0,0.0
2019-08-26 00:00:00-04:00,193.5,193.97999572753906,189.52000427246094,193.86000061035156,1349800,0.0,0.0
2019-08-27 00:00:00-04:00,194.25,196.42999267578125,186.08999633789062,188.35000610351562,2681900,0.0,0.0
2019-08-28 00:00:00-04:00,186.66000366210938,186.66000366210938,182.27999877929688,185.30999755859375,1714400,0.0,0.0
2019-08-29 00:00:00-04:00,187.36000061035156,189.2100067138672,184.50999450683594,187.64999389648438,2857300,0.0,0.0
2019-08-30 00:00:00-04:00,184.0,190.30999755859375,173.1999969482422,177.27999877929688,8138100,0.0,0.0
2019-09-03 00:00:00-04:00,174.4600067138672,178.22000122070312,173.6199951171875,174.97999572753906,3520600,0.0,0.0
2019-09-04 00:00:00-04:00,176.4199981689453,177.9199981689453,172.9499969482422,173.6699981689453,2672600,0.0,0.0
2019-09-05 00:00:00-04:00,176.0,177.8300018310547,173.50999450683594,175.89999389648438,1957300,0.0,0.0
2019-09-06 00:00:00-04:00,176.0800018310547,177.5,172.2100067138672,172.3000030517578,1435200,0.0,0.0
2019-09-09 00:00:00-04:00,172.8699951171875,173.5,166.0,171.0399932861328,3489000,0.0,0.0
2019-09-10 00:00:00-04:00,168.5,174.02000427246094,166.57000732421875,173.88999938964844,2837500,0.0,0.0
2019-09-11 00:00:00-04:00,173.8800048828125,175.32000732421875,171.14999389648438,172.55999755859375,1821900,0.0,0.0
2019-09-12 00:00:00-04:00,173.80999755859375,174.38999938964844,170.19000244140625,170.3800048828125,1694500,0.0,0.0
2019-09-13 00:00:00-04:00,170.22000122070312,171.97999572753906,167.13999938964844,167.58999633789062,1615200,0.0,0.0
2019-09-16 00:00:00-04:00,166.24000549316406,174.10000610351562,165.8300018310547,173.0,1971600,0.0,0.0
2019-09-17 00:00:00-04:00,173.00999450683594,175.55999755859375,172.5,175.07000732421875,1453800,0.0,0.0
2019-09-18 00:00:00-04:00,173.92999267578125,176.47999572753906,172.22000122070312,175.50999450683594,1899000,0.0,0.0
2019-09-19 00:00:00-04:00,175.5,176.80999755859375,172.0800018310547,172.74000549316406,1622100,0.0,0.0
2019-09-20 00:00:00-04:00,172.94000244140625,175.52000427246094,172.19000244140625,174.97000122070312,2550800,0.0,0.0
2019-09-23 00:00:00-04:00,174.92999267578125,175.6300048828125,173.27000427246094,174.4499969482422,1311900,0.0,0.0
2019-09-24 00:00:00-04:00,175.00999450683594,176.75,166.60000610351562,167.50999450683594,2126600,0.0,0.0
2019-09-25 00:00:00-04:00,167.52000427246094,170.14999389648438,163.25999450683594,169.97999572753906,2421400,0.0,0.0
2019-09-26 00:00:00-04:00,170.0,175.9199981689453,169.8000030517578,174.44000244140625,3050200,0.0,0.0
2019-09-27 00:00:00-04:00,174.7899932861328,174.7899932861328,165.07000732421875,168.64999389648438,2231200,0.0,0.0
2019-09-30 00:00:00-04:00,169.0,171.0800018310547,167.72000122070312,169.9600067138672,1397000,0.0,0.0
2019-10-01 00:00:00-04:00,170.07000732421875,171.4199981689453,168.5399932861328,168.74000549316406,1372800,0.0,0.0
2019-10-02 00:00:00-04:00,166.9199981689453,167.8699951171875,164.63999938964844,165.80999755859375,1778900,0.0,0.0
2019-10-03 00:00:00-04:00,165.99000549316406,172.32000732421875,163.75,172.08999633789062,1798300,0.0,0.0
2019-10-04 00:00:00-04:00,173.14999389648438,175.4600067138672,170.10000610351562,173.8800048828125,1617100,0.0,0.0
2019-10-07 00:00:00-04:00,171.4600067138672,179.1699981689453,171.4600067138672,177.83999633789062,2011700,0.0,0.0
2019-10-08 00:00:00-04:00,176.39999389648438,176.5500030517578,169.3000030517578,169.49000549316406,2328500,0.0,0.0
2019-10-09 00:00:00-04:00,171.8800048828125,173.85000610351562,170.6999969482422,173.2899932861328,930900,0.0,0.0
2019-10-10 00:00:00-04:00,171.8699951171875,175.19000244140625,171.3699951171875,174.32000732421875,789900,0.0,0.0
2019-10-11 00:00:00-04:00,180.16000366210938,183.08999633789062,177.72000122070312,180.44000244140625,2663700,0.0,0.0
2019-10-14 00:00:00-04:00,179.10000610351562,181.72000122070312,178.24000549316406,180.24000549316406,888100,0.0,0.0
2019-10-15 00:00:00-04:00,180.4499969482422,185.6199951171875,180.3000030517578,180.9600067138672,3059600,0.0,0.0
2019-10-16 00:00:00-04:00,168.0,168.02000427246094,156.86000061035156,160.4600067138672,10846000,0.0,0.0
2019-10-17 00:00:00-04:00,159.10000610351562,160.66000366210938,156.3699951171875,157.8300018310547,3462800,0.0,0.0
2019-10-18 00:00:00-04:00,157.94000244140625,158.6300048828125,151.05999755859375,154.5399932861328,4154400,0.0,0.0
2019-10-21 00:00:00-04:00,154.88999938964844,155.6300048828125,152.66000366210938,154.08999633789062,1954700,0.0,0.0
2019-10-22 00:00:00-04:00,157.83999633789062,157.83999633789062,152.67999267578125,153.02000427246094,2115000,0.0,0.0
2019-10-23 00:00:00-04:00,152.52999877929688,157.1699981689453,151.97000122070312,152.2899932861328,2737900,0.0,0.0
2019-10-24 00:00:00-04:00,154.99000549316406,158.8699951171875,154.41000366210938,158.58999633789062,2307800,0.0,0.0
2019-10-25 00:00:00-04:00,157.77999877929688,160.9499969482422,156.1999969482422,160.75,1213400,0.0,0.0
2019-10-28 00:00:00-04:00,161.30999755859375,162.24000549316406,158.85000610351562,159.39999389648438,1430200,0.0,0.0
2019-10-29 00:00:00-04:00,159.77000427246094,161.47000122070312,157.9499969482422,158.11000061035156,942000,0.0,0.0
2019-10-30 00:00:00-04:00,159.7100067138672,164.5500030517578,157.8699951171875,164.10000610351562,1393900,0.0,0.0
2019-10-31 00:00:00-04:00,163.67999267578125,164.10000610351562,159.0,162.16000366210938,1151900,0.0,0.0
2019-11-01 00:00:00-04:00,163.6300048828125,165.7100067138672,161.82000732421875,165.3300018310547,1096200,0.0,0.0
2019-11-04 00:00:00-05:00,166.88999938964844,167.66000366210938,162.4499969482422,165.19000244140625,2048900,0.0,0.0
2019-11-05 00:00:00-05:00,165.44000244140625,165.88999938964844,159.47000122070312,161.3800048828125,1301600,0.0,0.0
2019-11-06 00:00:00-05:00,160.6300048828125,162.5,159.80999755859375,161.5500030517578,1216200,0.0,0.0
2019-11-07 00:00:00-05:00,161.49000549316406,162.86000061035156,159.86000061035156,160.44000244140625,1103000,0.0,0.0
2019-11-08 00:00:00-05:00,159.47999572753906,162.9199981689453,158.7899932861328,162.4199981689453,1413700,0.0,0.0
2019-11-11 00:00:00-05:00,162.10000610351562,165.33999633789062,160.9499969482422,163.97000122070312,1318700,0.0,0.0
2019-11-12 00:00:00-05:00,163.92999267578125,165.13999938964844,163.02999877929688,163.7100067138672,1028300,0.0,0.0
2019-11-13 00:00:00-05:00,164.0,166.72999572753906,163.4199981689453,166.3800048828125,1344100,0.0,0.0
2019-11-14 00:00:00-05:00,165.83999633789062,166.3000030517578,163.8300018310547,164.8000030517578,2012700,0.0,0.0
2019-11-15 00:00:00-05:00,165.89999389648438,166.08999633789062,162.52999877929688,165.97999572753906,1588200,0.0,0.0
2019-11-18 00:00:00-05:00,162.5399932861328,164.8000030517578,161.3800048828125,164.0,3493300,0.0,0.0
2019-11-19 00:00:00-05:00,165.0,167.5500030517578,163.9600067138672,166.88999938964844,1954700,0.0,0.0
2019-11-20 00:00:00-05:00,167.6999969482422,173.39999389648438,166.97000122070312,172.55999755859375,2672400,0.0,0.0
2019-11-21 00:00:00-05:00,172.60000610351562,174.3699951171875,169.36000061035156,171.50999450683594,1613400,0.0,0.0
2019-11-22 00:00:00-05:00,172.3000030517578,173.69000244140625,170.35000610351562,172.83999633789062,1205500,0.0,0.0
2019-11-25 00:00:00-05:00,174.97999572753906,178.24000549316406,174.75999450683594,176.4499969482422,2229500,0.0,0.0
2019-11-26 00:00:00-05:00,176.4499969482422,179.1300048828125,176.4499969482422,177.99000549316406,2417800,0.0,0.0
2019-11-27 00:00:00-05:00,179.0,179.80999755859375,177.1199951171875,179.67999267578125,1659900,0.0,0.0
2019-11-29 00:00:00-05:00,179.0,180.02999877929688,178.33999633789062,179.1199951171875,611000,0.0,0.0
2019-12-02 00:00:00-05:00,178.55999755859375,178.64999389648438,169.5,171.92999267578125,2168400,0.0,0.0
2019-12-03 00:00:00-05:00,169.0,174.49000549316406,167.49000549316406,173.5,2256600,0.0,0.0
2019-12-04 00:00:00-05:00,164.55999755859375,168.5399932861328,162.07000732421875,165.38999938964844,6104300,0.0,0.0
2019-12-05 00:00:00-05:00,164.3800048828125,165.2899932861328,159.69000244140625,160.97000122070312,4250100,0.0,0.0
2019-12-06 00:00:00-05:00,162.05999755859375,166.47999572753906,161.50999450683594,166.22000122070312,2279300,0.0,0.0
2019-12-09 00:00:00-05:00,165.30999755859375,167.58999633789062,163.05999755859375,163.6300048828125,1558300,0.0,0.0
2019-12-10 00:00:00-05:00,164.60000610351562,166.05999755859375,162.6199951171875,163.22000122070312,1847400,0.0,0.0
2019-12-11 00:00:00-05:00,163.1300048828125,165.00999450683594,161.3800048828125,165.0,1876100,0.0,0.0
2019-12-12 00:00:00-05:00,164.4199981689453,164.4199981689453,159.6199951171875,159.74000549316406,2430900,0.0,0.0
2019-12-13 00:00:00-05:00,160.0,160.61000061035156,157.61000061035156,159.4600067138672,3778700,0.0,0.0
2019-12-16 00:00:00-05:00,160.39999389648438,160.92999267578125,159.57000732421875,160.4499969482422,2558800,0.0,0.0
2019-12-17 00:00:00-05:00,161.24000549316406,161.25,158.8000030517578,159.61000061035156,1681400,0.0,0.0
2019-12-18 00:00:00-05:00,160.07000732421875,162.4499969482422,160.00999450683594,161.47999572753906,2117000,0.0,0.0
2019-12-19 00:00:00-05:00,161.38999938964844,162.27000427246094,159.9499969482422,161.57000732421875,1655400,0.0,0.0
2019-12-20 00:00:00-05:00,162.25,167.55999755859375,161.9499969482422,167.16000366210938,3884900,0.0,0.0
2019-12-23 00:00:00-05:00,167.3300018310547,167.44000244140625,163.89999389648438,165.61000061035156,1518300,0.0,0.0
2019-12-24 00:00:00-05:00,164.8699951171875,166.5,164.50999450683594,166.19000244140625,369100,0.0,0.0
2019-12-26 00:00:00-05:00,166.6699981689453,167.82000732421875,164.67999267578125,165.36000061035156,1013100,0.0,0.0
2019-12-27 00:00:00-05:00,166.4199981689453,167.44000244140625,164.24000549316406,165.85000610351562,1136300,0.0,0.0
2019-12-30 00:00:00-05:00,165.5,166.02000427246094,161.72999572753906,163.83999633789062,1179600,0.0,0.0
2019-12-31 00:00:00-05:00,162.88999938964844,165.07000732421875,162.60000610351562,164.4499969482422,822400,0.0,0.0
2020-01-02 00:00:00-05:00,166.10000610351562,168.72000122070312,165.7100067138672,167.4600067138672,1503000,0.0,0.0
2020-01-03 00:00:00-05:00,165.0,168.86000061035156,164.9600067138672,168.44000244140625,1276300,0.0,0.0
2020-01-06 00:00:00-05:00,166.99000549316406,170.44000244140625,166.35000610351562,169.49000549316406,1623300,0.0,0.0
2020-01-07 00:00:00-05:00,169.50999450683594,173.22000122070312,168.82000732421875,172.9499969482422,2404100,0.0,0.0
2020-01-08 00:00:00-05:00,172.9600067138672,179.61000061035156,172.0500030517578,178.7100067138672,2819900,0.0,0.0
2020-01-09 00:00:00-05:00,179.25999450683594,180.99000549316406,177.27000427246094,179.47999572753906,3037000,0.0,0.0
2020-01-10 00:00:00-05:00,180.97999572753906,182.64999389648438,179.58999633789062,180.11000061035156,2006000,0.0,0.0
2020-01-13 00:00:00-05:00,180.9199981689453,182.5800018310547,180.47999572753906,181.9199981689453,1506800,0.0,0.0
2020-01-14 00:00:00-05:00,181.63999938964844,182.82000732421875,179.25,179.97999572753906,1212900,0.0,0.0
2020-01-15 00:00:00-05:00,180.72999572753906,181.19000244140625,178.39999389648438,179.17999267578125,2051900,0.0,0.0
2020-01-16 00:00:00-05:00,178.8699951171875,182.97999572753906,178.17999267578125,182.77999877929688,2059800,0.0,0.0
2020-01-17 00:00:00-05:00,183.0,183.8000030517578,180.4199981689453,181.05999755859375,1735500,0.0,0.0
2020-01-21 00:00:00-05:00,180.3000030517578,183.5399932861328,179.74000549316406,182.30999755859375,1232700,0.0,0.0
2020-01-22 00:00:00-05:00,183.05999755859375,184.58999633789062,182.27999877929688,182.41000366210938,1883800,0.0,0.0
2020-01-23 00:00:00-05:00,183.0500030517578,184.58999633789062,181.25,184.3800048828125,1693900,0.0,0.0
2020-01-24 00:00:00-05:00,185.0,188.3000030517578,184.52000427246094,186.07000732421875,1962900,0.0,0.0
2020-01-27 00:00:00-05:00,182.0,184.9199981689453,181.2100067138672,183.9600067138672,1228600,0.0,0.0
2020-01-28 00:00:00-05:00,184.6199951171875,187.3300018310547,184.6199951171875,186.67999267578125,1300400,0.0,0.0
2020-01-29 00:00:00-05:00,187.5399932861328,187.89999389648438,183.47999572753906,183.61000061035156,1310100,0.0,0.0
2020-01-30 00:00:00-05:00,183.5,189.35000610351562,183.00999450683594,188.14999389648438,1352400,0.0,0.0
2020-01-31 00:00:00-05:00,187.8699951171875,188.50999450683594,183.2899932861328,184.6300048828125,1094500,0.0,0.0
2020-02-03 00:00:00-05:00,185.60000610351562,189.27999877929688,184.2899932861328,188.57000732421875,1609400,0.0,0.0
2020-02-04 00:00:00-05:00,190.0,195.99000549316406,188.8699951171875,194.6999969482422,1832300,0.0,0.0
2020-02-05 00:00:00-05:00,197.0,197.8699951171875,187.6999969482422,188.47000122070312,1841700,0.0,0.0
2020-02-06 00:00:00-05:00,187.08999633789062,190.3300018310547,184.32000732421875,187.5,1376000,0.0,0.0
2020-02-07 00:00:00-05:00,190.07000732421875,193.77999877929688,188.00999450683594,192.0800018310547,1960500,0.0,0.0
2020-02-10 00:00:00-05:00,191.9199981689453,195.60000610351562,190.91000366210938,194.86000061035156,982800,0.0,0.0
2020-02-11 00:00:00-05:00,196.0,196.63999938964844,192.02000427246094,193.07000732421875,958700,0.0,0.0
2020-02-12 00:00:00-05:00,194.25999450683594,195.0800018310547,191.2899932861328,194.39999389648438,1447000,0.0,0.0
2020-02-13 00:00:00-05:00,194.5,196.5,194.22999572753906,194.6699981689453,937400,0.0,0.0
2020-02-14 00:00:00-05:00,196.8699951171875,198.9600067138672,194.86000061035156,196.99000549316406,1240500,0.0,0.0
2020-02-18 00:00:00-05:00,196.8800048828125,199.89999389648438,195.3300018310547,199.3800048828125,1959200,0.0,0.0
2020-02-19 00:00:00-05:00,200.39999389648438,202.0,197.44000244140625,197.5800018310547,1940700,0.0,0.0
2020-02-20 00:00:00-05:00,196.0,196.25999450683594,187.50999450683594,190.55999755859375,3219700,0.0,0.0
2020-02-21 00:00:00-05:00,190.0,191.30999755859375,182.75999450683594,183.86000061035156,2873700,0.0,0.0
2020-02-24 00:00:00-05:00,175.0,179.86000061035156,173.8800048828125,177.11000061035156,2822100,0.0,0.0
2020-02-25 00:00:00-05:00,179.49000549316406,180.72000122070312,174.22000122070312,175.47000122070312,2077800,0.0,0.0
2020-02-26 00:00:00-05:00,177.1999969482422,180.6999969482422,174.52000427246094,175.36000061035156,1666500,0.0,0.0
2020-02-27 00:00:00-05:00,168.97999572753906,176.5,166.80999755859375,171.1999969482422,3573800,0.0,0.0
2020-02-28 00:00:00-05:00,170.4499969482422,173.8000030517578,164.6999969482422,173.25,4273100,0.0,0.0
2020-03-02 00:00:00-05:00,174.85000610351562,176.3699951171875,167.69000244140625,172.88999938964844,3477700,0.0,0.0
2020-03-03 00:00:00-05:00,172.49000549316406,172.8300018310547,162.89999389648438,166.55999755859375,3381100,0.0,0.0
2020-03-04 00:00:00-05:00,169.6999969482422,171.16000366210938,166.4199981689453,170.88999938964844,1574600,0.0,0.0
2020-03-05 00:00:00-05:00,166.63999938964844,169.19000244140625,163.02000427246094,165.30999755859375,1814500,0.0,0.0
2020-03-06 00:00:00-05:00,161.36000061035156,161.36000061035156,153.38999938964844,158.67999267578125,2789800,0.0,0.0
2020-03-09 00:00:00-04:00,148.75,151.5,142.8000030517578,142.97000122070312,3334900,0.0,0.0
2020-03-10 00:00:00-04:00,148.6199951171875,150.32000732421875,143.60000610351562,150.30999755859375,2799400,0.0,0.0
2020-03-11 00:00:00-04:00,145.67999267578125,149.35000610351562,139.32000732421875,142.02999877929688,2054400,0.0,0.0
2020-03-12 00:00:00-04:00,131.7899932861328,138.3699951171875,128.6300048828125,131.2899932861328,3993400,0.0,0.0
2020-03-13 00:00:00-04:00,137.1699981689453,140.24000549316406,125.04000091552734,137.75999450683594,3802500,0.0,0.0
2020-03-16 00:00:00-04:00,124.19999694824219,130.72000122070312,116.13999938964844,120.19000244140625,4695800,0.0,0.0
2020-03-17 00:00:00-04:00,121.33999633789062,126.87000274658203,113.08000183105469,124.0199966430664,4817200,0.0,0.0
2020-03-18 00:00:00-04:00,116.91000366210938,120.05999755859375,107.75,113.87000274658203,4459800,0.0,0.0
2020-03-19 00:00:00-04:00,114.0,129.5,109.05000305175781,126.73999786376953,3906200,0.0,0.0
2020-03-20 00:00:00-04:00,129.8300018310547,138.7100067138672,124.62999725341797,125.0,6111600,0.0,0.0
2020-03-23 00:00:00-04:00,125.66000366210938,131.5800018310547,123.0,127.1500015258789,4102500,0.0,0.0
2020-03-24 00:00:00-04:00,132.2100067138672,136.9600067138672,128.82000732421875,132.38999938964844,4523400,0.0,0.0
2020-03-25 00:00:00-04:00,134.83999633789062,142.1999969482422,132.38999938964844,135.72999572753906,3338200,0.0,0.0
2020-03-26 00:00:00-04:00,136.97999572753906,146.6699981689453,136.94000244140625,145.27999877929688,2838500,0.0,0.0
2020-03-27 00:00:00-04:00,140.3000030517578,142.13999938964844,135.02000427246094,136.2100067138672,2027800,0.0,0.0
2020-03-30 00:00:00-04:00,136.8000030517578,141.8699951171875,136.35000610351562,137.3000030517578,2118800,0.0,0.0
2020-03-31 00:00:00-04:00,136.0,136.85000610351562,128.1999969482422,130.22000122070312,3848900,0.0,0.0
2020-04-01 00:00:00-04:00,125.01000213623047,126.41999816894531,121.04000091552734,126.27999877929688,5070000,0.0,0.0
2020-04-02 00:00:00-04:00,124.36000061035156,127.76000213623047,119.55999755859375,122.37000274658203,3032600,0.0,0.0
2020-04-03 00:00:00-04:00,120.7300033569336,122.8499984741211,115.5,116.08000183105469,3119600,0.0,0.0
2020-04-06 00:00:00-04:00,121.16999816894531,130.69000244140625,118.98999786376953,130.30999755859375,2833600,0.0,0.0
2020-04-07 00:00:00-04:00,136.9600067138672,140.86000061035156,131.55999755859375,131.8000030517578,3441000,0.0,0.0
2020-04-08 00:00:00-04:00,134.0,146.11000061035156,132.27000427246094,142.11000061035156,4652200,0.0,0.0
2020-04-09 00:00:00-04:00,145.4499969482422,148.85000610351562,143.0,145.41000366210938,2960500,0.0,0.0
2020-04-13 00:00:00-04:00,144.16000366210938,145.24000549316406,138.72000122070312,141.17999267578125,2203300,0.0,0.0
2020-04-14 00:00:00-04:00,149.7100067138672,151.30999755859375,145.50999450683594,149.4499969482422,2469200,0.0,0.0
2020-04-15 00:00:00-04:00,145.2100067138672,147.77999877929688,144.38999938964844,146.07000732421875,3045400,0.0,0.0
2020-04-16 00:00:00-04:00,145.7100067138672,146.75,141.8000030517578,142.5800018310547,2255900,0.0,0.0
2020-04-17 00:00:00-04:00,146.2100067138672,150.32000732421875,145.67999267578125,149.3000030517578,2988500,0.0,0.0
2020-04-20 00:00:00-04:00,148.00999450683594,153.66000366210938,147.0500030517578,150.89999389648438,1304800,0.0,0.0
2020-04-21 00:00:00-04:00,148.30999755859375,149.72000122070312,137.6199951171875,140.14999389648438,3445100,0.0,0.0
2020-04-22 00:00:00-04:00,143.8800048828125,146.8800048828125,141.32000732421875,145.82000732421875,1226000,0.0,0.0
2020-04-23 00:00:00-04:00,146.0,147.75,142.85000610351562,143.60000610351562,1283200,0.0,0.0
2020-04-24 00:00:00-04:00,140.80999755859375,145.72999572753906,140.5,144.9600067138672,2065600,0.0,0.0
2020-04-27 00:00:00-04:00,146.8000030517578,148.64999389648438,144.47000122070312,148.10000610351562,1266700,0.0,0.0
2020-04-28 00:00:00-04:00,150.0,150.69000244140625,144.6300048828125,145.07000732421875,1323400,0.0,0.0
2020-04-29 00:00:00-04:00,148.27999877929688,156.8800048828125,147.33999633789062,154.77000427246094,2029000,0.0,0.0
2020-04-30 00:00:00-04:00,155.4600067138672,158.5800018310547,153.00999450683594,153.89999389648438,2245300,0.0,0.0
2020-05-01 00:00:00-04:00,150.44000244140625,151.0,145.55999755859375,146.66000366210938,1686200,0.0,0.0
2020-05-04 00:00:00-04:00,145.6699981689453,149.47999572753906,144.80999755859375,148.47000122070312,1523200,0.0,0.0
2020-05-05 00:00:00-04:00,148.85000610351562,152.64999389648438,148.8000030517578,152.17999267578125,2227600,0.0,0.0
2020-05-06 00:00:00-04:00,153.69000244140625,155.0,150.74000549316406,152.27999877929688,1291000,0.0,0.0
2020-05-07 00:00:00-04:00,155.0,162.0399932861328,154.22999572753906,160.66000366210938,2153300,0.0,0.0
2020-05-08 00:00:00-04:00,163.0,165.7899932861328,160.14999389648438,165.5500030517578,1769100,0.0,0.0
2020-05-11 00:00:00-04:00,165.85000610351562,168.75,163.75,166.5800018310547,2350000,0.0,0.0
2020-05-12 00:00:00-04:00,167.58999633789062,168.4199981689453,159.5800018310547,159.72999572753906,1851800,0.0,0.0
2020-05-13 00:00:00-04:00,160.33999633789062,160.85000610351562,149.8300018310547,153.75999450683594,3120000,0.0,0.0
2020-05-14 00:00:00-04:00,153.5399932861328,155.69000244140625,149.24000549316406,155.22999572753906,1660300,0.0,0.0
2020-05-15 00:00:00-04:00,154.0,156.75,153.25,154.3000030517578,2108500,0.0,0.0
2020-05-18 00:00:00-04:00,157.47999572753906,157.47999572753906,149.83999633789062,150.55999755859375,3221900,0.0,0.0
2020-05-19 00:00:00-04:00,152.38999938964844,159.8800048828125,151.6999969482422,157.4199981689453,3758200,0.0,0.0
2020-05-20 00:00:00-04:00,159.5500030517578,161.11000061035156,157.8000030517578,159.5399932861328,1613300,0.0,0.0
2020-05-21 00:00:00-04:00,159.67999267578125,164.22000122070312,157.88999938964844,163.8300018310547,2739400,0.0,0.0
2020-05-22 00:00:00-04:00,164.0399932861328,169.6199951171875,162.88999938964844,168.14999389648438,2659100,0.0,0.0
2020-05-26 00:00:00-04:00,171.17999267578125,172.8300018310547,167.0399932861328,168.33999633789062,3999100,0.0,0.0
2020-05-27 00:00:00-04:00,170.0,170.92999267578125,162.66000366210938,170.3800048828125,4091200,0.0,0.0
2020-05-28 00:00:00-04:00,180.0800018310547,187.0,178.00999450683594,182.55999755859375,8411200,0.0,0.0
2020-05-29 00:00:00-04:00,181.64999389648438,183.8000030517578,178.7899932861328,183.42999267578125,2802200,0.0,0.0
2020-06-01 00:00:00-04:00,181.99000549316406,182.55999755859375,176.3000030517578,177.9600067138672,2931600,0.0,0.0
2020-06-02 00:00:00-04:00,178.7100067138672,179.47000122070312,174.50999450683594,178.8300018310547,2211500,0.0,0.0
2020-06-03 00:00:00-04:00,179.02000427246094,182.19000244140625,178.0,181.7100067138672,1933100,0.0,0.0
2020-06-04 00:00:00-04:00,181.0,182.74000549316406,174.8000030517578,175.3000030517578,1760300,0.0,0.0
2020-06-05 00:00:00-04:00,172.8000030517578,181.5,171.3000030517578,178.6699981689453,1803600,0.0,0.0
2020-06-08 00:00:00-04:00,178.17999267578125,182.61000061035156,177.27000427246094,181.22999572753906,1345500,0.0,0.0
2020-06-09 00:00:00-04:00,180.0,181.6999969482422,177.8000030517578,179.75999450683594,1036900,0.0,0.0
2020-06-10 00:00:00-04:00,180.38999938964844,185.02000427246094,178.7100067138672,183.0500030517578,1966900,0.0,0.0
2020-06-11 00:00:00-04:00,178.8800048828125,180.27999877929688,173.49000549316406,173.5,2020000,0.0,0.0
2020-06-12 00:00:00-04:00,178.35000610351562,179.1999969482422,169.6999969482422,173.5500030517578,1635400,0.0,0.0
2020-06-15 00:00:00-04:00,171.02000427246094,178.89999389648438,170.2899932861328,178.0,3053400,0.0,0.0
2020-06-16 00:00:00-04:00,181.0,184.3000030517578,178.5399932861328,181.13999938964844,1757100,0.0,0.0
2020-06-17 00:00:00-04:00,181.72999572753906,185.82000732421875,181.32000732421875,182.55999755859375,1535600,0.0,0.0
2020-06-18 00:00:00-04:00,182.3800048828125,188.25,182.32000732421875,187.80999755859375,1785500,0.0,0.0
2020-06-19 00:00:00-04:00,189.5,190.33999633789062,181.13999938964844,183.55999755859375,4271200,0.0,0.0
2020-06-22 00:00:00-04:00,183.85000610351562,186.33999633789062,183.5,184.94000244140625,1103000,0.0,0.0
2020-06-23 00:00:00-04:00,185.82000732421875,188.69000244140625,184.49000549316406,185.33999633789062,1647200,0.0,0.0
2020-06-24 00:00:00-04:00,184.5,185.7100067138672,178.30999755859375,180.07000732421875,1545800,0.0,0.0
2020-06-25 00:00:00-04:00,179.64999389648438,186.55999755859375,178.9499969482422,186.25999450683594,1848400,0.0,0.0
2020-06-26 00:00:00-04:00,185.72000122070312,188.42999267578125,182.39999389648438,187.47999572753906,2901700,0.0,0.0
2020-06-29 00:00:00-04:00,186.25999450683594,188.02999877929688,181.66000366210938,186.17999267578125,1755100,0.0,0.0
2020-06-30 00:00:00-04:00,186.17999267578125,188.69000244140625,185.02000427246094,187.36000061035156,1929100,0.0,0.0
2020-07-01 00:00:00-04:00,187.3699951171875,192.9499969482422,186.1699981689453,191.47000122070312,2330300,0.0,0.0
2020-07-02 00:00:00-04:00,193.97000122070312,194.0,188.1999969482422,188.4499969482422,1762600,0.0,0.0
2020-07-06 00:00:00-04:00,191.5399932861328,194.64999389648438,190.39999389648438,190.7899932861328,1987700,0.0,0.0
2020-07-07 00:00:00-04:00,190.47000122070312,193.5,189.2899932861328,191.60000610351562,1551300,0.0,0.0
2020-07-08 00:00:00-04:00,193.6199951171875,199.6199951171875,192.8000030517578,198.3000030517578,2428800,0.0,0.0
2020-07-09 00:00:00-04:00,199.44000244140625,200.0,193.94000244140625,197.55999755859375,1510900,0.0,0.0
2020-07-10 00:00:00-04:00,196.86000061035156,196.88999938964844,193.36000061035156,195.8800048828125,942500,0.0,0.0
2020-07-13 00:00:00-04:00,196.52999877929688,197.16000366210938,184.25999450683594,184.77000427246094,1761800,0.0,0.0
2020-07-14 00:00:00-04:00,182.00999450683594,186.1699981689453,178.25999450683594,185.67999267578125,1711700,0.0,0.0
2020-07-15 00:00:00-04:00,186.64999389648438,186.8699951171875,180.13999938964844,183.22999572753906,2173300,0.0,0.0
2020-07-16 00:00:00-04:00,179.80999755859375,182.77000427246094,178.97000122070312,181.7100067138672,1187900,0.0,0.0
2020-07-17 00:00:00-04:00,181.39999389648438,184.08999633789062,179.8800048828125,182.8300018310547,963900,0.0,0.0
2020-07-20 00:00:00-04:00,183.1999969482422,194.85000610351562,183.16000366210938,193.99000549316406,1938200,0.0,0.0
2020-07-21 00:00:00-04:00,193.1699981689453,193.74000549316406,187.05999755859375,188.5,1123500,0.0,0.0
2020-07-22 00:00:00-04:00,189.97999572753906,191.86000061035156,186.35000610351562,188.57000732421875,1411100,0.0,0.0
2020-07-23 00:00:00-04:00,187.38999938964844,190.77999877929688,183.9600067138672,185.3699951171875,899600,0.0,0.0
2020-07-24 00:00:00-04:00,183.3699951171875,184.97000122070312,181.2100067138672,182.77999877929688,1015800,0.0,0.0
2020-07-27 00:00:00-04:00,184.3300018310547,184.74000549316406,179.33999633789062,183.75999450683594,1261700,0.0,0.0
2020-07-28 00:00:00-04:00,183.0,183.94000244140625,180.0800018310547,180.3800048828125,1441600,0.0,0.0
2020-07-29 00:00:00-04:00,183.0,184.7100067138672,180.7100067138672,183.91000366210938,843100,0.0,0.0
2020-07-30 00:00:00-04:00,180.0,181.49000549316406,177.50999450683594,180.5800018310547,1563700,0.0,0.0
2020-07-31 00:00:00-04:00,181.2100067138672,181.4499969482422,176.8000030517578,180.9199981689453,1334800,0.0,0.0
2020-08-03 00:00:00-04:00,182.47000122070312,182.77999877929688,179.5500030517578,181.58999633789062,1285700,0.0,0.0
2020-08-04 00:00:00-04:00,181.35000610351562,182.33999633789062,179.39999389648438,181.49000549316406,839300,0.0,0.0
2020-08-05 00:00:00-04:00,181.82000732421875,184.8800048828125,181.02999877929688,183.99000549316406,765100,0.0,0.0
2020-08-06 00:00:00-04:00,183.97999572753906,184.22000122070312,180.5500030517578,183.69000244140625,1055000,0.0,0.0
2020-08-07 00:00:00-04:00,184.4600067138672,184.4600067138672,174.52000427246094,177.47000122070312,1635500,0.0,0.0
2020-08-10 00:00:00-04:00,177.55999755859375,181.74000549316406,174.89999389648438,181.0500030517578,1602700,0.0,0.0
2020-08-11 00:00:00-04:00,178.85000610351562,180.38999938964844,175.82000732421875,177.5500030517578,1090700,0.0,0.0
2020-08-12 00:00:00-04:00,178.02999877929688,181.05999755859375,176.25,178.25,983100,0.0,0.0
2020-08-13 00:00:00-04:00,179.55999755859375,185.8699951171875,179.25999450683594,183.75999450683594,951500,0.0,0.0
2020-08-14 00:00:00-04:00,183.9199981689453,185.47999572753906,181.0800018310547,181.5800018310547,563200,0.0,0.0
2020-08-17 00:00:00-04:00,181.94000244140625,186.05999755859375,181.80999755859375,185.24000549316406,1020600,0.0,0.0
2020-08-18 00:00:00-04:00,186.57000732421875,192.0,184.9499969482422,191.55999755859375,1891500,0.0,0.0
2020-08-19 00:00:00-04:00,191.77000427246094,193.9600067138672,190.1999969482422,191.1999969482422,1195800,0.0,0.0
2020-08-20 00:00:00-04:00,190.94000244140625,194.88999938964844,189.75,194.32000732421875,1117100,0.0,0.0
2020-08-21 00:00:00-04:00,191.6300048828125,193.30999755859375,190.52000427246094,192.64999389648438,1003700,0.0,0.0
2020-08-24 00:00:00-04:00,194.14999389648438,194.66000366210938,190.9499969482422,191.60000610351562,1328900,0.0,0.0
2020-08-25 00:00:00-04:00,191.5,194.57000732421875,189.32000732421875,194.02999877929688,1862300,0.0,0.0
2020-08-26 00:00:00-04:00,200.9499969482422,214.9499969482422,199.42999267578125,213.6199951171875,6196700,0.0,0.0
2020-08-27 00:00:00-04:00,211.6999969482422,219.2899932861328,209.0,216.6300048828125,5558800,0.0,0.0
2020-08-28 00:00:00-04:00,240.0,248.75,238.0800018310547,243.8800048828125,11256800,0.0,0.0
2020-08-31 00:00:00-04:00,241.1300048828125,246.89999389648438,238.30999755859375,239.7100067138672,3606200,0.0,0.0
2020-09-01 00:00:00-04:00,241.6999969482422,244.75,238.0,241.75,2412200,0.0,0.0
2020-09-02 00:00:00-04:00,242.8000030517578,243.3800048828125,232.1199951171875,233.47999572753906,3429400,0.0,0.0
2020-09-03 00:00:00-04:00,230.25999450683594,233.22999572753906,219.88999938964844,223.0,3212200,0.0,0.0
2020-09-04 00:00:00-04:00,223.02999877929688,223.32000732421875,210.52999877929688,215.8000030517578,2584900,0.0,0.0
2020-09-08 00:00:00-04:00,208.88999938964844,214.60000610351562,207.10000610351562,208.5800018310547,2413400,0.0,0.0
2020-09-09 00:00:00-04:00,213.0800018310547,213.77999877929688,206.27000427246094,210.75,2149200,0.0,0.0
2020-09-10 00:00:00-04:00,211.11000061035156,216.3300018310547,205.3800048828125,207.30999755859375,1844000,0.0,0.0
2020-09-11 00:00:00-04:00,210.25,210.50999450683594,201.38999938964844,206.1999969482422,1653100,0.0,0.0
2020-09-14 00:00:00-04:00,209.60000610351562,211.38999938964844,205.13999938964844,208.41000366210938,1510000,0.0,0.0
2020-09-15 00:00:00-04:00,210.6999969482422,212.94000244140625,206.0,207.6300048828125,1712300,0.0,0.0
2020-09-16 00:00:00-04:00,209.5500030517578,210.3000030517578,204.17999267578125,205.6199951171875,1720200,0.0,0.0
2020-09-17 00:00:00-04:00,198.89999389648438,203.3800048828125,195.8800048828125,203.19000244140625,2771700,0.0,0.0
2020-09-18 00:00:00-04:00,203.8699951171875,205.1699981689453,196.1999969482422,200.4499969482422,2307500,0.0,0.0
2020-09-21 00:00:00-04:00,197.72999572753906,203.91000366210938,195.80999755859375,203.5500030517578,1432000,0.0,0.0
2020-09-22 00:00:00-04:00,206.67999267578125,212.42999267578125,203.77999877929688,211.8000030517578,1831700,0.0,0.0
2020-09-23 00:00:00-04:00,211.58999633789062,213.89999389648438,206.72999572753906,207.38999938964844,1743200,0.0,0.0
2020-09-24 00:00:00-04:00,206.55999755859375,211.0500030517578,204.1699981689453,208.69000244140625,1185100,0.0,0.0
2020-09-25 00:00:00-04:00,209.63999938964844,216.1300048828125,207.7899932861328,215.77999877929688,1220000,0.0,0.0
2020-09-28 00:00:00-04:00,218.5399932861328,221.5,215.25,220.33999633789062,2411000,0.0,0.0
2020-09-29 00:00:00-04:00,221.27999877929688,222.8800048828125,219.6999969482422,220.77999877929688,1723500,0.0,0.0
2020-09-30 00:00:00-04:00,220.52000427246094,222.5,214.0,215.1300048828125,2123400,0.0,0.0
2020-10-01 00:00:00-04:00,222.75,222.75,216.6999969482422,220.52000427246094,2389800,0.0,0.0
2020-10-02 00:00:00-04:00,219.2899932861328,225.5500030517578,218.0,218.97999572753906,1680400,0.0,0.0
2020-10-05 00:00:00-04:00,219.6699981689453,224.5800018310547,217.5800018310547,222.0399932861328,1309400,0.0,0.0
2020-10-06 00:00:00-04:00,223.17999267578125,225.69000244140625,215.72000122070312,217.00999450683594,1463200,0.0,0.0
2020-10-07 00:00:00-04:00,227.2899932861328,230.27000427246094,223.60000610351562,227.2100067138672,2500500,0.0,0.0
2020-10-08 00:00:00-04:00,229.22999572753906,229.60000610351562,222.60000610351562,224.0399932861328,842800,0.0,0.0
2020-10-09 00:00:00-04:00,226.0,226.67999267578125,224.3300018310547,225.72999572753906,830000,0.0,0.0
2020-10-12 00:00:00-04:00,229.36000061035156,230.13999938964844,224.75999450683594,228.19000244140625,1371400,0.0,0.0
2020-10-13 00:00:00-04:00,228.6699981689453,236.83999633789062,228.0399932861328,232.89999389648438,1801700,0.0,0.0
2020-10-14 00:00:00-04:00,236.60000610351562,236.60000610351562,227.5500030517578,230.5399932861328,1208800,0.0,0.0
2020-10-15 00:00:00-04:00,224.1300048828125,228.2100067138672,222.50999450683594,226.6699981689453,1904700,0.0,0.0
2020-10-16 00:00:00-04:00,227.14999389648438,231.10000610351562,227.14999389648438,229.4499969482422,1136900,0.0,0.0
2020-10-19 00:00:00-04:00,229.75999450683594,231.85000610351562,226.50999450683594,227.63999938964844,1355700,0.0,0.0
2020-10-20 00:00:00-04:00,230.7899932861328,233.77999877929688,224.33999633789062,224.42999267578125,1894200,0.0,0.0
2020-10-21 00:00:00-04:00,225.91000366210938,226.9499969482422,222.10000610351562,224.30999755859375,1349200,0.0,0.0
2020-10-22 00:00:00-04:00,224.42999267578125,225.97999572753906,218.2100067138672,220.85000610351562,637300,0.0,0.0
2020-10-23 00:00:00-04:00,221.49000549316406,224.27000427246094,219.02999877929688,224.13999938964844,688200,0.0,0.0
2020-10-26 00:00:00-04:00,218.64999389648438,222.82000732421875,208.8800048828125,210.3300018310547,3862200,0.0,0.0
2020-10-27 00:00:00-04:00,211.8000030517578,216.16000366210938,211.50999450683594,214.1699981689453,1228000,0.0,0.0
2020-10-28 00:00:00-04:00,210.00999450683594,212.3699951171875,207.22999572753906,209.6999969482422,1129500,0.0,0.0
2020-10-29 00:00:00-04:00,211.52999877929688,218.2899932861328,211.52999877929688,217.6300048828125,1708800,0.0,0.0
2020-10-30 00:00:00-04:00,215.1699981689453,217.85000610351562,208.16000366210938,210.1199951171875,1920100,0.0,0.0
2020-11-02 00:00:00-05:00,209.72999572753906,212.5,201.6199951171875,205.47999572753906,1362800,0.0,0.0
2020-11-03 00:00:00-05:00,206.50999450683594,209.8800048828125,205.05999755859375,209.17999267578125,1067500,0.0,0.0
2020-11-04 00:00:00-05:00,219.11000061035156,224.77999877929688,213.50999450683594,215.24000549316406,2729500,0.0,0.0
2020-11-05 00:00:00-05:00,226.25999450683594,231.42999267578125,223.4199981689453,225.22999572753906,1971900,0.0,0.0
2020-11-06 00:00:00-05:00,224.99000549316406,227.80999755859375,219.22000122070312,225.0,1248100,0.0,0.0
2020-11-09 00:00:00-05:00,222.67999267578125,228.9499969482422,218.58999633789062,223.39999389648438,1824500,0.0,0.0
2020-11-10 00:00:00-05:00,221.05999755859375,222.19000244140625,209.99000549316406,213.89999389648438,1518900,0.0,0.0
2020-11-11 00:00:00-05:00,216.42999267578125,221.5500030517578,214.38999938964844,218.6199951171875,1186800,0.0,0.0
2020-11-12 00:00:00-05:00,220.13999938964844,224.38999938964844,218.61000061035156,219.80999755859375,1065800,0.0,0.0
2020-11-13 00:00:00-05:00,220.8300018310547,223.8000030517578,218.47000122070312,222.0,1105800,0.0,0.0
2020-11-16 00:00:00-05:00,219.0800018310547,225.80999755859375,218.88999938964844,224.97000122070312,1642500,0.0,0.0
2020-11-17 00:00:00-05:00,224.92999267578125,228.24000549316406,221.89999389648438,226.77999877929688,1510500,0.0,0.0
2020-11-18 00:00:00-05:00,226.5,228.1999969482422,222.36000061035156,223.61000061035156,2653100,0.0,0.0
2020-11-19 00:00:00-05:00,224.27000427246094,231.94000244140625,223.4600067138672,230.8000030517578,4133900,0.0,0.0
2020-11-20 00:00:00-05:00,220.22000122070312,222.4499969482422,209.0500030517578,209.39999389648438,12274600,0.0,0.0
2020-11-23 00:00:00-05:00,210.47000122070312,212.24000549316406,204.86000061035156,207.10000610351562,4456000,0.0,0.0
2020-11-24 00:00:00-05:00,208.44000244140625,213.27999877929688,205.13999938964844,213.13999938964844,3331800,0.0,0.0
2020-11-25 00:00:00-05:00,214.0,216.89999389648438,209.52999877929688,214.8800048828125,2614900,0.0,0.0
2020-11-27 00:00:00-05:00,215.0,224.69000244140625,214.0,223.86000061035156,2006400,0.0,0.0
2020-11-30 00:00:00-05:00,223.44000244140625,225.10000610351562,218.5399932861328,224.7899932861328,2526500,0.0,0.0
2020-12-01 00:00:00-05:00,223.44000244140625,229.16000366210938,222.89999389648438,225.6999969482422,2809800,0.0,0.0
2020-12-02 00:00:00-05:00,222.2100067138672,226.07000732421875,219.77999877929688,225.42999267578125,1871900,0.0,0.0
2020-12-03 00:00:00-05:00,224.0,226.7899932861328,223.36000061035156,224.1699981689453,1287100,0.0,0.0
2020-12-04 00:00:00-05:00,224.82000732421875,226.49000549316406,221.30999755859375,222.17999267578125,1338500,0.0,0.0
2020-12-07 00:00:00-05:00,222.05999755859375,228.60000610351562,221.41000366210938,227.27999877929688,1628900,0.0,0.0
2020-12-08 00:00:00-05:00,228.0,230.7100067138672,225.05999755859375,228.1699981689453,1636800,0.0,0.0
2020-12-09 00:00:00-05:00,228.0500030517578,228.8300018310547,218.30999755859375,219.47999572753906,2110000,0.0,0.0
2020-12-10 00:00:00-05:00,217.4499969482422,222.0,215.77000427246094,218.2899932861328,2810900,0.0,0.0
2020-12-11 00:00:00-05:00,219.08999633789062,220.22000122070312,214.77000427246094,219.24000549316406,1835100,0.0,0.0
2020-12-14 00:00:00-05:00,219.00999450683594,224.10000610351562,218.66000366210938,220.3699951171875,2563500,0.0,0.0
2020-12-15 00:00:00-05:00,221.67999267578125,225.14999389648438,218.75999450683594,220.25,1946700,0.0,0.0
2020-12-16 00:00:00-05:00,223.99000549316406,231.0,222.72000122070312,230.58999633789062,1902700,0.0,0.0
2020-12-17 00:00:00-05:00,232.25999450683594,240.82000732421875,232.0,239.80999755859375,2779800,0.0,0.0
2020-12-18 00:00:00-05:00,241.97999572753906,244.77000427246094,239.00999450683594,241.38999938964844,4011400,0.0,0.0
2020-12-21 00:00:00-05:00,238.72999572753906,242.74000549316406,236.10000610351562,242.32000732421875,1786000,0.0,0.0
2020-12-22 00:00:00-05:00,242.0,258.3699951171875,241.94000244140625,257.7099914550781,4133300,0.0,0.0
2020-12-23 00:00:00-05:00,256.2799987792969,259.010009765625,248.69000244140625,248.75999450683594,1638500,0.0,0.0
2020-12-24 00:00:00-05:00,247.8699951171875,251.35000610351562,245.42999267578125,248.75999450683594,599900,0.0,0.0
2020-12-28 00:00:00-05:00,250.75,251.02000427246094,241.5399932861328,241.9199981689453,1139100,0.0,0.0
2020-12-29 00:00:00-05:00,242.8000030517578,243.6699981689453,235.52000427246094,237.72000122070312,1407900,0.0,0.0
2020-12-30 00:00:00-05:00,237.77999877929688,239.8699951171875,236.82000732421875,236.92999267578125,1140400,0.0,0.0
2020-12-31 00:00:00-05:00,238.0,242.5,236.92999267578125,239.61000061035156,1329600,0.0,0.0
2021-01-04 00:00:00-05:00,240.11000061035156,240.67999267578125,224.39999389648438,228.0800018310547,3332800,0.0,0.0
2021-01-05 00:00:00-05:00,226.57000732421875,227.30999755859375,223.52000427246094,225.36000061035156,2773800,0.0,0.0
2021-01-06 00:00:00-05:00,221.75,224.88999938964844,217.85000610351562,220.0,2292600,0.0,0.0
2021-01-07 00:00:00-05:00,222.8699951171875,228.0,222.61000061035156,226.2100067138672,1939000,0.0,0.0
2021-01-08 00:00:00-05:00,226.0,229.42999267578125,224.83999633789062,227.64999389648438,1666600,0.0,0.0
2021-01-11 00:00:00-05:00,226.9499969482422,229.91000366210938,224.0800018310547,228.8300018310547,1655000,0.0,0.0
2021-01-12 00:00:00-05:00,229.16000366210938,229.55999755859375,222.52999877929688,225.6199951171875,1345000,0.0,0.0
2021-01-13 00:00:00-05:00,228.0,231.6999969482422,227.0500030517578,229.07000732421875,1709100,0.0,0.0
2021-01-14 00:00:00-05:00,229.89999389648438,235.69000244140625,227.02000427246094,227.3300018310547,1411200,0.0,0.0
2021-01-15 00:00:00-05:00,231.97999572753906,231.97999572753906,222.35000610351562,222.55999755859375,2249400,0.0,0.0
2021-01-19 00:00:00-05:00,223.5,225.64999389648438,218.22999572753906,221.0399932861328,2015500,0.0,0.0
2021-01-20 00:00:00-05:00,223.91000366210938,228.67999267578125,221.25,226.7899932861328,2607900,0.0,0.0
2021-01-21 00:00:00-05:00,227.42999267578125,231.97000122070312,225.58999633789062,229.38999938964844,1500900,0.0,0.0
2021-01-22 00:00:00-05:00,231.9199981689453,236.05999755859375,230.52999877929688,235.52999877929688,1791700,0.0,0.0
2021-01-25 00:00:00-05:00,237.58999633789062,240.60000610351562,230.35000610351562,234.99000549316406,1999900,0.0,0.0
2021-01-26 00:00:00-05:00,235.22999572753906,236.55999755859375,232.72999572753906,235.60000610351562,1701500,0.0,0.0
2021-01-27 00:00:00-05:00,229.1699981689453,232.47000122070312,221.27000427246094,223.4499969482422,2509400,0.0,0.0
2021-01-28 00:00:00-05:00,223.55999755859375,230.22000122070312,221.8000030517578,228.55999755859375,2054400,0.0,0.0
2021-01-29 00:00:00-05:00,225.5,228.99000549316406,222.8000030517578,227.52999877929688,2835800,0.0,0.0
2021-02-01 00:00:00-05:00,228.52000427246094,241.64999389648438,228.52000427246094,236.69000244140625,4139100,0.0,0.0
2021-02-02 00:00:00-05:00,238.89999389648438,259.1000061035156,237.7100067138672,257.760009765625,5640000,0.0,0.0
2021-02-03 00:00:00-05:00,253.7100067138672,261.6199951171875,253.3699951171875,258.6300048828125,3595100,0.0,0.0
2021-02-04 00:00:00-05:00,259.0,265.5,258.2699890136719,264.19000244140625,1723400,0.0,0.0
2021-02-05 00:00:00-05:00,264.19000244140625,266.17999267578125,261.2799987792969,263.95001220703125,1852500,0.0,0.0
2021-02-08 00:00:00-05:00,269.0,273.3399963378906,268.5299987792969,272.7900085449219,2107800,0.0,0.0
2021-02-09 00:00:00-05:00,270.2200012207031,275.8699951171875,267.42999267578125,275.3699951171875,1588900,0.0,0.0
2021-02-10 00:00:00-05:00,276.0,277.4100036621094,272.20001220703125,274.0899963378906,1259700,0.0,0.0
2021-02-11 00:00:00-05:00,274.42999267578125,278.1400146484375,273.67999267578125,275.989990234375,1510500,0.0,0.0
2021-02-12 00:00:00-05:00,276.8299865722656,282.1099853515625,273.989990234375,281.3599853515625,1763800,0.0,0.0
2021-02-16 00:00:00-05:00,280.1499938964844,282.7699890136719,272.2099914550781,274.8699951171875,2376300,0.0,0.0
2021-02-17 00:00:00-05:00,268.0799865722656,272.67999267578125,266.0899963378906,271.04998779296875,1644900,0.0,0.0
2021-02-18 00:00:00-05:00,268.7099914550781,274.30999755859375,266.44000244140625,272.7900085449219,1432300,0.0,0.0
2021-02-19 00:00:00-05:00,274.92999267578125,277.1300048828125,273.80999755859375,276.3399963378906,1366200,0.0,0.0
2021-02-22 00:00:00-05:00,271.3699951171875,273.3900146484375,266.54998779296875,269.95001220703125,1846600,0.0,0.0
2021-02-23 00:00:00-05:00,260.5899963378906,265.510009765625,254.1699981689453,261.7300109863281,1943500,0.0,0.0
2021-02-24 00:00:00-05:00,261.1499938964844,263.1700134277344,255.22999572753906,262.7799987792969,1841700,0.0,0.0
2021-02-25 00:00:00-05:00,261.0,264.94000244140625,249.5800018310547,251.19000244140625,2311600,0.0,0.0
2021-02-26 00:00:00-05:00,251.17999267578125,258.6700134277344,242.82000732421875,245.17999267578125,4430200,0.0,0.0
2021-03-01 00:00:00-05:00,248.6699981689453,253.52000427246094,244.75,252.8000030517578,2794300,0.0,0.0
2021-03-02 00:00:00-05:00,256.7799987792969,256.7799987792969,247.74000549316406,247.9600067138672,1333600,0.0,0.0
2021-03-03 00:00:00-05:00,245.8300018310547,246.64999389648438,235.8800048828125,236.6999969482422,1868100,0.0,0.0
2021-03-04 00:00:00-05:00,234.67999267578125,237.17999267578125,226.44000244140625,230.35000610351562,2396500,0.0,0.0
2021-03-05 00:00:00-05:00,234.52999877929688,237.5800018310547,222.52999877929688,237.02000427246094,2699700,0.0,0.0
2021-03-08 00:00:00-05:00,236.47000122070312,240.4600067138672,230.63999938964844,231.07000732421875,1588100,0.0,0.0
2021-03-09 00:00:00-05:00,243.92999267578125,248.0,240.94000244140625,245.9199981689453,3271700,0.0,0.0
2021-03-10 00:00:00-05:00,250.5399932861328,252.4600067138672,242.52000427246094,242.7100067138672,2032200,0.0,0.0
2021-03-11 00:00:00-05:00,248.2899932861328,258.989990234375,247.6699981689453,257.2699890136719,2353800,0.0,0.0
2021-03-12 00:00:00-05:00,250.36000061035156,252.9499969482422,246.55999755859375,252.72999572753906,1829400,0.0,0.0
2021-03-15 00:00:00-04:00,251.08999633789062,254.9600067138672,246.8699951171875,254.8800048828125,1356000,0.0,0.0
2021-03-16 00:00:00-04:00,256.6700134277344,260.4700012207031,254.19000244140625,257.1199951171875,1590900,0.0,0.0
2021-03-17 00:00:00-04:00,253.75999450683594,263.2799987792969,250.49000549316406,260.7200012207031,1429000,0.0,0.0
2021-03-18 00:00:00-04:00,254.0500030517578,257.3999938964844,248.49000549316406,249.13999938964844,1704200,0.0,0.0
2021-03-19 00:00:00-04:00,250.13999938964844,255.6999969482422,247.97000122070312,251.22999572753906,1562000,0.0,0.0
2021-03-22 00:00:00-04:00,254.08999633789062,259.8500061035156,251.6300048828125,257.2699890136719,1322500,0.0,0.0
2021-03-23 00:00:00-04:00,258.7699890136719,261.9800109863281,256.55999755859375,257.3900146484375,789200,0.0,0.0
2021-03-24 00:00:00-04:00,256.7300109863281,258.0,245.22000122070312,246.07000732421875,1543700,0.0,0.0
2021-03-25 00:00:00-04:00,244.16000366210938,249.9199981689453,243.11000061035156,246.14999389648438,1257200,0.0,0.0
2021-03-26 00:00:00-04:00,246.9600067138672,251.6300048828125,243.30999755859375,249.66000366210938,1059600,0.0,0.0
2021-03-29 00:00:00-04:00,248.60000610351562,248.83999633789062,240.4199981689453,243.1199951171875,1194000,0.0,0.0
2021-03-30 00:00:00-04:00,242.4499969482422,244.6199951171875,237.7899932861328,243.22999572753906,850700,0.0,0.0
2021-03-31 00:00:00-04:00,244.94000244140625,252.25999450683594,243.7899932861328,248.42999267578125,1293700,0.0,0.0
2021-04-01 00:00:00-04:00,253.25999450683594,259.8500061035156,251.91000366210938,254.97000122070312,1451000,0.0,0.0
2021-04-05 00:00:00-04:00,255.35000610351562,259.30999755859375,252.63999938964844,255.0,1112700,0.0,0.0
2021-04-06 00:00:00-04:00,253.80999755859375,260.4200134277344,251.7899932861328,254.89999389648438,1086200,0.0,0.0
2021-04-07 00:00:00-04:00,254.33999633789062,255.88999938964844,251.22000122070312,251.92999267578125,794800,0.0,0.0
2021-04-08 00:00:00-04:00,256.1499938964844,259.0299987792969,253.7100067138672,257.0400085449219,1193300,0.0,0.0
2021-04-09 00:00:00-04:00,255.24000549316406,258.6499938964844,253.74000549316406,257.6099853515625,986500,0.0,0.0
2021-04-12 00:00:00-04:00,255.08999633789062,259.989990234375,253.0800018310547,259.510009765625,1010900,0.0,0.0
2021-04-13 00:00:00-04:00,260.0199890136719,268.8800048828125,260.0199890136719,265.92999267578125,1847800,0.0,0.0
2021-04-14 00:00:00-04:00,267.9599914550781,268.1600036621094,259.260009765625,259.8500061035156,1170900,0.0,0.0
2021-04-15 00:00:00-04:00,262.260009765625,263.7099914550781,254.14999389648438,260.2900085449219,3172900,0.0,0.0
2021-04-16 00:00:00-04:00,255.63999938964844,258.4800109863281,253.88999938964844,256.3500061035156,1364400,0.0,0.0
2021-04-19 00:00:00-04:00,254.63999938964844,257.489990234375,251.38999938964844,254.50999450683594,1210000,0.0,0.0
2021-04-20 00:00:00-04:00,253.80999755859375,255.50999450683594,248.58999633789062,249.9199981689453,1012100,0.0,0.0
2021-04-21 00:00:00-04:00,249.67999267578125,252.4600067138672,248.02000427246094,251.6199951171875,679600,0.0,0.0
2021-04-22 00:00:00-04:00,251.00999450683594,255.5399932861328,249.47999572753906,252.9499969482422,1744100,0.0,0.0
2021-04-23 00:00:00-04:00,254.4600067138672,257.489990234375,254.17999267578125,254.8000030517578,1098000,0.0,0.0
2021-04-26 00:00:00-04:00,254.8000030517578,259.239990234375,254.27999877929688,259.239990234375,855600,0.0,0.0
2021-04-27 00:00:00-04:00,260.0,262.07000732421875,258.32000732421875,261.3299865722656,1133000,0.0,0.0
2021-04-28 00:00:00-04:00,260.2300109863281,262.69000244140625,258.4599914550781,260.8900146484375,796800,0.0,0.0
2021-04-29 00:00:00-04:00,258.6199951171875,259.3599853515625,251.6999969482422,254.6699981689453,1272400,0.0,0.0
2021-04-30 00:00:00-04:00,251.25,253.57000732421875,246.77999877929688,247.0,2023000,0.0,0.0
2021-05-03 00:00:00-04:00,248.35000610351562,250.19000244140625,243.05999755859375,243.75,1280300,0.0,0.0
2021-05-04 00:00:00-04:00,240.25999450683594,241.39999389648438,233.24000549316406,237.16000366210938,2164200,0.0,0.0
2021-05-05 00:00:00-04:00,238.41000366210938,239.99000549316406,234.75999450683594,235.94000244140625,900500,0.0,0.0
2021-05-06 00:00:00-04:00,236.00999450683594,237.97999572753906,231.13999938964844,234.92999267578125,1478100,0.0,0.0
2021-05-07 00:00:00-04:00,236.5,242.3800048828125,235.3300018310547,236.7100067138672,1384100,0.0,0.0
2021-05-10 00:00:00-04:00,235.19000244140625,236.5800018310547,231.3800048828125,232.2899932861328,1248300,0.0,0.0
2021-05-11 00:00:00-04:00,226.52999877929688,239.2100067138672,225.00999450683594,236.89999389648438,1472100,0.0,0.0
2021-05-12 00:00:00-04:00,232.32000732421875,234.8000030517578,223.1999969482422,224.5,2953500,0.0,0.0
2021-05-13 00:00:00-04:00,227.8300018310547,230.25,219.86000061035156,222.5800018310547,2438500,0.0,0.0
2021-05-14 00:00:00-04:00,225.6300048828125,229.74000549316406,222.97000122070312,228.77000427246094,1853900,0.0,0.0
2021-05-17 00:00:00-04:00,225.83999633789062,229.67999267578125,224.7100067138672,229.4499969482422,1274800,0.0,0.0
2021-05-18 00:00:00-04:00,230.00999450683594,230.94000244140625,224.27999877929688,225.08999633789062,1637300,0.0,0.0
2021-05-19 00:00:00-04:00,219.2899932861328,226.11000061035156,217.60000610351562,226.0,1707900,0.0,0.0
2021-05-20 00:00:00-04:00,229.35000610351562,236.07000732421875,226.27999877929688,233.42999267578125,1806400,0.0,0.0
2021-05-21 00:00:00-04:00,235.3300018310547,236.91000366210938,231.19000244140625,231.4199981689453,1168200,0.0,0.0
2021-05-24 00:00:00-04:00,235.6300048828125,237.0,233.24000549316406,234.0,1107100,0.0,0.0
2021-05-25 00:00:00-04:00,236.08999633789062,237.83999633789062,234.55999755859375,236.57000732421875,2244500,0.0,0.0
2021-05-26 00:00:00-04:00,238.52999877929688,240.75,234.97000122070312,237.07000732421875,2273700,0.0,0.0
2021-05-27 00:00:00-04:00,232.5,233.49000549316406,226.49000549316406,229.35000610351562,5349200,0.0,0.0
2021-05-28 00:00:00-04:00,230.89999389648438,233.0,228.35000610351562,228.72000122070312,2007400,0.0,0.0
2021-06-01 00:00:00-04:00,229.22999572753906,229.74000549316406,224.3300018310547,226.41000366210938,2801100,0.0,0.0
2021-06-02 00:00:00-04:00,226.5,232.88999938964844,225.52999877929688,226.8300018310547,1525700,0.0,0.0
2021-06-03 00:00:00-04:00,223.1300048828125,224.22000122070312,220.82000732421875,221.24000549316406,1668900,0.0,0.0
2021-06-04 00:00:00-04:00,223.0800018310547,226.0,222.5800018310547,223.30999755859375,1508000,0.0,0.0
2021-06-07 00:00:00-04:00,223.5,226.5,222.0,225.64999389648438,1024100,0.0,0.0
2021-06-08 00:00:00-04:00,226.4199981689453,229.4499969482422,223.8000030517578,224.72000122070312,1422600,0.0,0.0
2021-06-09 00:00:00-04:00,226.99000549316406,228.97999572753906,224.2899932861328,225.4600067138672,1710800,0.0,0.0
2021-06-10 00:00:00-04:00,225.27999877929688,229.60000610351562,224.52000427246094,229.07000732421875,1551000,0.0,0.0
2021-06-11 00:00:00-04:00,228.25,230.58999633789062,227.6300048828125,230.08999633789062,1050800,0.0,0.0
2021-06-14 00:00:00-04:00,230.66000366210938,233.38999938964844,228.9199981689453,232.27999877929688,1206400,0.0,0.0
2021-06-15 00:00:00-04:00,231.92999267578125,232.10000610351562,229.64999389648438,231.80999755859375,1952800,0.0,0.0
2021-06-16 00:00:00-04:00,232.10000610351562,234.3800048828125,226.0,230.1999969482422,1883900,0.0,0.0
2021-06-17 00:00:00-04:00,229.10000610351562,237.35000610351562,228.05999755859375,235.0399932861328,1526600,0.0,0.0
2021-06-18 00:00:00-04:00,233.66000366210938,236.99000549316406,232.94000244140625,236.49000549316406,2209300,0.0,0.0
2021-06-21 00:00:00-04:00,235.9199981689453,238.58999633789062,233.0,236.92999267578125,1080300,0.0,0.0
2021-06-22 00:00:00-04:00,236.52999877929688,239.4199981689453,236.27000427246094,238.97000122070312,1228600,0.0,0.0
2021-06-23 00:00:00-04:00,238.0,239.9600067138672,237.69000244140625,238.69000244140625,742000,0.0,0.0
2021-06-24 00:00:00-04:00,239.22999572753906,243.3699951171875,239.22999572753906,241.7100067138672,1245700,0.0,0.0
2021-06-25 00:00:00-04:00,242.97000122070312,243.39999389648438,240.0500030517578,243.0,1316300,0.0,0.0
2021-06-28 00:00:00-04:00,243.36000061035156,246.3300018310547,241.36000061035156,242.91000366210938,995100,0.0,0.0
2021-06-29 00:00:00-04:00,242.5,246.44000244140625,241.13999938964844,246.38999938964844,1079300,0.0,0.0
2021-06-30 00:00:00-04:00,246.61000061035156,246.61000061035156,238.47000122070312,238.74000549316406,1284300,0.0,0.0
2021-07-01 00:00:00-04:00,238.11000061035156,239.3300018310547,233.57000732421875,235.50999450683594,2133000,0.0,0.0
2021-07-02 00:00:00-04:00,236.97000122070312,239.58999633789062,236.05999755859375,238.3000030517578,1378400,0.0,0.0
2021-07-06 00:00:00-04:00,238.55999755859375,241.6999969482422,236.1999969482422,238.5500030517578,1539000,0.0,0.0
2021-07-07 00:00:00-04:00,239.30999755859375,243.5800018310547,238.52000427246094,238.64999389648438,1185100,0.0,0.0
2021-07-08 00:00:00-04:00,235.07000732421875,238.9199981689453,231.74000549316406,237.08999633789062,1154700,0.0,0.0
2021-07-09 00:00:00-04:00,236.2100067138672,241.17999267578125,233.91000366210938,239.94000244140625,1320600,0.0,0.0
2021-07-12 00:00:00-04:00,241.5399932861328,242.4600067138672,235.47999572753906,236.38999938964844,980400,0.0,0.0
2021-07-13 00:00:00-04:00,233.41000366210938,237.55999755859375,232.8300018310547,232.99000549316406,1113500,0.0,0.0
2021-07-14 00:00:00-04:00,234.5399932861328,235.72000122070312,231.24000549316406,232.02999877929688,980900,0.0,0.0
2021-07-15 00:00:00-04:00,231.33999633789062,232.0399932861328,226.16000366210938,228.6999969482422,1812600,0.0,0.0
2021-07-16 00:00:00-04:00,230.0,231.0,226.85000610351562,227.52999877929688,1224400,0.0,0.0
2021-07-19 00:00:00-04:00,225.7100067138672,227.8699951171875,223.69000244140625,226.14999389648438,1255400,0.0,0.0
2021-07-20 00:00:00-04:00,227.1999969482422,233.5800018310547,225.5500030517578,230.8300018310547,1534800,0.0,0.0
2021-07-21 00:00:00-04:00,228.61000061035156,237.6199951171875,228.1199951171875,237.36000061035156,1259600,0.0,0.0
2021-07-22 00:00:00-04:00,237.0,239.35000610351562,237.0,237.9199981689453,932700,0.0,0.0
2021-07-23 00:00:00-04:00,238.80999755859375,242.05999755859375,237.72999572753906,240.39999389648438,1107700,0.0,0.0
2021-07-26 00:00:00-04:00,240.5500030517578,240.5500030517578,237.94000244140625,238.61000061035156,870200,0.0,0.0
2021-07-27 00:00:00-04:00,238.89999389648438,239.30999755859375,220.00999450683594,230.66000366210938,7730300,0.0,0.0
2021-07-28 00:00:00-04:00,232.0,235.5399932861328,231.25999450683594,234.38999938964844,1651400,0.0,0.0
2021-07-29 00:00:00-04:00,235.2100067138672,237.44000244140625,234.25,235.25,1296800,0.0,0.0
2021-07-30 00:00:00-04:00,233.3300018310547,235.36000061035156,233.00999450683594,234.39999389648438,921700,0.0,0.0
2021-08-02 00:00:00-04:00,235.10000610351562,236.32000732421875,232.4199981689453,233.64999389648438,706700,0.0,0.0
2021-08-03 00:00:00-04:00,238.25999450683594,238.30999755859375,231.35000610351562,235.36000061035156,2229600,0.0,0.0
2021-08-04 00:00:00-04:00,235.1699981689453,235.7899932861328,231.75,232.22999572753906,1063000,0.0,0.0
2021-08-05 00:00:00-04:00,231.77999877929688,236.9600067138672,230.32000732421875,236.0,2520700,0.0,0.0
2021-08-06 00:00:00-04:00,234.6199951171875,237.10000610351562,233.39999389648438,235.72000122070312,1031000,0.0,0.0
2021-08-09 00:00:00-04:00,236.5800018310547,236.5800018310547,233.92999267578125,234.19000244140625,1424200,0.0,0.0
2021-08-10 00:00:00-04:00,237.61000061035156,238.0,230.0500030517578,230.6999969482422,842000,0.0,0.0
2021-08-11 00:00:00-04:00,231.88999938964844,232.8000030517578,229.00999450683594,231.3699951171875,830800,0.0,0.0
2021-08-12 00:00:00-04:00,230.5800018310547,236.9199981689453,230.5800018310547,235.3300018310547,997500,0.0,0.0
2021-08-13 00:00:00-04:00,235.38999938964844,238.97999572753906,234.5800018310547,236.67999267578125,743600,0.0,0.0
2021-08-16 00:00:00-04:00,236.0800018310547,236.0800018310547,230.72000122070312,232.5800018310547,1141300,0.0,0.0
2021-08-17 00:00:00-04:00,230.42999267578125,232.6199951171875,228.07000732421875,231.36000061035156,1049400,0.0,0.0
2021-08-18 00:00:00-04:00,231.6300048828125,233.63999938964844,230.60000610351562,231.5800018310547,1638300,0.0,0.0
2021-08-19 00:00:00-04:00,231.16000366210938,233.13999938964844,228.58999633789062,231.89999389648438,1313400,0.0,0.0
2021-08-20 00:00:00-04:00,232.30999755859375,238.7100067138672,232.30999755859375,235.9499969482422,1553900,0.0,0.0
2021-08-23 00:00:00-04:00,235.9499969482422,242.82000732421875,235.6199951171875,242.6199951171875,1662000,0.0,0.0
2021-08-24 00:00:00-04:00,245.3300018310547,245.89999389648438,242.2100067138672,245.80999755859375,1258700,0.0,0.0
2021-08-25 00:00:00-04:00,245.36000061035156,246.7899932861328,244.1999969482422,246.11000061035156,989200,0.0,0.0
2021-08-26 00:00:00-04:00,247.0,248.4600067138672,245.0,246.75999450683594,3036300,0.0,0.0
2021-08-27 00:00:00-04:00,265.0299987792969,274.94000244140625,263.2699890136719,269.2799987792969,7411600,0.0,0.0
2021-08-30 00:00:00-04:00,270.8800048828125,273.6400146484375,268.6300048828125,271.3699951171875,1904600,0.0,0.0
2021-08-31 00:00:00-04:00,271.29998779296875,275.7099914550781,269.6600036621094,273.1600036621094,2074900,0.0,0.0
2021-09-01 00:00:00-04:00,274.0,275.8999938964844,271.29998779296875,273.3699951171875,1800200,0.0,0.0
2021-09-02 00:00:00-04:00,272.7799987792969,274.3299865722656,269.4599914550781,271.32000732421875,917800,0.0,0.0
2021-09-03 00:00:00-04:00,270.9200134277344,278.2300109863281,269.69000244140625,277.739990234375,1382600,0.0,0.0
2021-09-07 00:00:00-04:00,276.5299987792969,277.5799865722656,273.6199951171875,274.3699951171875,1761100,0.0,0.0
2021-09-08 00:00:00-04:00,275.1400146484375,275.6300048828125,271.5400085449219,272.20001220703125,1003600,0.0,0.0
2021-09-09 00:00:00-04:00,271.7300109863281,273.6199951171875,269.7099914550781,270.0,1266800,0.0,0.0
2021-09-10 00:00:00-04:00,271.32000732421875,271.9200134277344,267.1099853515625,267.5299987792969,1225500,0.0,0.0
2021-09-13 00:00:00-04:00,268.07000732421875,268.7900085449219,262.19000244140625,267.75,1222900,0.0,0.0
2021-09-14 00:00:00-04:00,268.760009765625,271.739990234375,267.989990234375,269.7799987792969,1163500,0.0,0.0
2021-09-15 00:00:00-04:00,269.9700012207031,271.5799865722656,267.1400146484375,269.8500061035156,1065000,0.0,0.0
2021-09-16 00:00:00-04:00,268.489990234375,271.489990234375,267.7300109863281,271.07000732421875,986600,0.0,0.0
2021-09-17 00:00:00-04:00,271.8900146484375,272.54998779296875,266.3500061035156,268.510009765625,2041000,0.0,0.0
2021-09-20 00:00:00-04:00,266.7099914550781,267.4700012207031,262.5799865722656,267.19000244140625,2206000,0.0,0.0
2021-09-21 00:00:00-04:00,268.5,272.4100036621094,266.75,270.17999267578125,1797600,0.0,0.0
2021-09-22 00:00:00-04:00,271.6400146484375,274.9800109863281,269.3699951171875,270.7099914550781,2622500,0.0,0.0
2021-09-23 00:00:00-04:00,272.25,273.9800109863281,264.54998779296875,270.07000732421875,1923100,0.0,0.0
2021-09-24 00:00:00-04:00,269.1499938964844,270.2200012207031,265.8999938964844,268.42999267578125,1108000,0.0,0.0
2021-09-27 00:00:00-04:00,265.6700134277344,266.8800048828125,262.2099914550781,263.7799987792969,1107700,0.0,0.0
2021-09-28 00:00:00-04:00,258.9700012207031,259.3699951171875,252.00999450683594,252.3699951171875,2121300,0.0,0.0
2021-09-29 00:00:00-04:00,254.85000610351562,257.6099853515625,246.94000244140625,249.50999450683594,1679800,0.0,0.0
2021-09-30 00:00:00-04:00,250.3300018310547,253.61000061035156,249.02000427246094,249.88999938964844,1041500,0.0,0.0
2021-10-01 00:00:00-04:00,250.0,256.0,247.4199981689453,254.5500030517578,1813700,0.0,0.0
2021-10-04 00:00:00-04:00,253.82000732421875,254.02000427246094,246.4499969482422,249.67999267578125,1593500,0.0,0.0
2021-10-05 00:00:00-04:00,250.47999572753906,253.14999389648438,249.22000122070312,252.0500030517578,757600,0.0,0.0
2021-10-06 00:00:00-04:00,249.36000061035156,256.54998779296875,248.30999755859375,256.3299865722656,1572600,0.0,0.0
2021-10-07 00:00:00-04:00,258.3500061035156,262.20001220703125,257.5799865722656,257.8599853515625,781100,0.0,0.0
2021-10-08 00:00:00-04:00,258.1000061035156,259.4700012207031,254.5,255.89999389648438,941100,0.0,0.0
2021-10-11 00:00:00-04:00,254.85000610351562,258.92999267578125,252.58999633789062,253.6699981689453,900000,0.0,0.0
2021-10-12 00:00:00-04:00,255.47000122070312,260.4800109863281,254.55999755859375,257.19000244140625,1164400,0.0,0.0
2021-10-13 00:00:00-04:00,262.7200012207031,273.54998779296875,262.6099853515625,266.6000061035156,2510400,0.0,0.0
2021-10-14 00:00:00-04:00,269.489990234375,273.3900146484375,268.1400146484375,271.1099853515625,1353700,0.0,0.0
2021-10-15 00:00:00-04:00,270.8599853515625,272.3500061035156,268.1499938964844,270.989990234375,1641800,0.0,0.0
2021-10-18 00:00:00-04:00,267.9599914550781,273.0400085449219,267.0,272.6700134277344,849400,0.0,0.0
2021-10-19 00:00:00-04:00,273.4100036621094,278.4700012207031,272.5899963378906,277.2699890136719,1165100,0.0,0.0
2021-10-20 00:00:00-04:00,277.5,279.69000244140625,274.5400085449219,277.260009765625,782800,0.0,0.0
2021-10-21 00:00:00-04:00,277.0,281.67999267578125,275.3399963378906,281.010009765625,1239100,0.0,0.0
2021-10-22 00:00:00-04:00,282.2699890136719,284.79998779296875,279.04998779296875,280.7900085449219,1069700,0.0,0.0
2021-10-25 00:00:00-04:00,279.2900085449219,284.6000061035156,278.5299987792969,282.1499938964844,1717000,0.0,0.0
2021-10-26 00:00:00-04:00,284.4800109863281,285.8500061035156,281.0799865722656,282.760009765625,868300,0.0,0.0
2021-10-27 00:00:00-04:00,283.0,286.54998779296875,280.55999755859375,283.1300048828125,1092100,0.0,0.0
2021-10-28 00:00:00-04:00,282.94000244140625,288.5799865722656,280.94000244140625,286.739990234375,894800,0.0,0.0
2021-10-29 00:00:00-04:00,288.29998779296875,292.6199951171875,286.3299865722656,289.9800109863281,1603800,0.0,0.0
2021-11-01 00:00:00-04:00,291.1099853515625,291.989990234375,285.95001220703125,288.07000732421875,942700,0.0,0.0
2021-11-02 00:00:00-04:00,289.989990234375,291.7200012207031,288.5299987792969,291.2799987792969,840900,0.0,0.0
2021-11-03 00:00:00-04:00,290.54998779296875,292.1499938964844,287.42999267578125,288.9599914550781,810900,0.0,0.0
2021-11-04 00:00:00-04:00,289.9599914550781,292.8599853515625,286.8999938964844,290.4800109863281,1276200,0.0,0.0
2021-11-05 00:00:00-04:00,291.739990234375,291.739990234375,287.0199890136719,289.9200134277344,1008400,0.0,0.0
2021-11-08 00:00:00-05:00,291.54998779296875,293.82000732421875,289.8500061035156,292.7300109863281,988900,0.0,0.0
2021-11-09 00:00:00-05:00,294.0299987792969,294.489990234375,290.2099914550781,293.4800109863281,910600,0.0,0.0
2021-11-10 00:00:00-05:00,291.989990234375,298.2200012207031,287.8699951171875,291.010009765625,3112700,0.0,0.0
2021-11-11 00:00:00-05:00,291.5,298.45001220703125,291.5,295.239990234375,1295700,0.0,0.0
2021-11-12 00:00:00-05:00,297.1300048828125,300.7799987792969,295.75,296.45001220703125,1455900,0.0,0.0
2021-11-15 00:00:00-05:00,297.1300048828125,299.0,294.44000244140625,295.6000061035156,1262900,0.0,0.0
2021-11-16 00:00:00-05:00,300.4599914550781,303.3299865722656,296.0199890136719,299.8399963378906,2522900,0.0,0.0
2021-11-17 00:00:00-05:00,304.5199890136719,307.80999755859375,298.5400085449219,300.8999938964844,1952400,0.0,0.0
2021-11-18 00:00:00-05:00,300.0400085449219,301.7799987792969,294.0,299.0899963378906,2787800,0.0,0.0
2021-11-19 00:00:00-05:00,287.510009765625,297.5,279.80999755859375,286.6000061035156,6699600,0.0,0.0
2021-11-22 00:00:00-05:00,285.510009765625,286.7099914550781,274.3599853515625,274.75,2941100,0.0,0.0
2021-11-23 00:00:00-05:00,273.57000732421875,280.7900085449219,268.6300048828125,274.2799987792969,2292300,0.0,0.0
2021-11-24 00:00:00-05:00,270.510009765625,278.5199890136719,268.3699951171875,277.8800048828125,1631000,0.0,0.0
2021-11-26 00:00:00-05:00,276.5,282.6600036621094,276.010009765625,277.54998779296875,1516900,0.0,0.0
2021-11-29 00:00:00-05:00,280.3299865722656,284.82000732421875,277.1300048828125,281.5899963378906,1262700,0.0,0.0
2021-11-30 00:00:00-05:00,282.94000244140625,284.25,272.94000244140625,274.2300109863281,1980500,0.0,0.0
2021-12-01 00:00:00-05:00,275.80999755859375,276.9200134277344,260.07000732421875,260.8599853515625,2561800,0.0,0.0
2021-12-02 00:00:00-05:00,260.25,268.3699951171875,260.0,266.6600036621094,1900500,0.0,0.0
2021-12-03 00:00:00-05:00,267.67999267578125,269.9800109863281,259.8699951171875,266.989990234375,2474200,0.0,0.0
2021-12-06 00:00:00-05:00,266.0199890136719,269.4599914550781,258.2200012207031,269.0899963378906,1989400,0.0,0.0
2021-12-07 00:00:00-05:00,272.0,283.1499938964844,271.6700134277344,280.239990234375,1776400,0.0,0.0
2021-12-08 00:00:00-05:00,281.7300109863281,284.3900146484375,275.489990234375,282.29998779296875,964600,0.0,0.0
2021-12-09 00:00:00-05:00,281.70001220703125,285.5799865722656,276.7099914550781,279.3500061035156,1371700,0.0,0.0
2021-12-10 00:00:00-05:00,280.4599914550781,284.6099853515625,277.4200134277344,279.67999267578125,1281500,0.0,0.0
2021-12-13 00:00:00-05:00,279.55999755859375,283.6700134277344,278.5799865722656,280.9200134277344,1133600,0.0,0.0
2021-12-14 00:00:00-05:00,276.3599853515625,277.9100036621094,267.8299865722656,273.3500061035156,1726300,0.0,0.0
2021-12-15 00:00:00-05:00,273.4599914550781,280.45001220703125,268.0899963378906,279.2200012207031,1736400,0.0,0.0
2021-12-16 00:00:00-05:00,277.3299865722656,278.3699951171875,269.260009765625,272.2300109863281,1206800,0.0,0.0
2021-12-17 00:00:00-05:00,267.0799865722656,275.4700012207031,265.2900085449219,273.8800048828125,2205600,0.0,0.0
2021-12-20 00:00:00-05:00,268.20001220703125,272.55999755859375,266.3399963378906,269.70001220703125,1023800,0.0,0.0
2021-12-21 00:00:00-05:00,269.6400146484375,279.54998779296875,267.0,278.8599853515625,1418800,0.0,0.0
2021-12-22 00:00:00-05:00,278.8599853515625,280.6499938964844,275.8399963378906,277.8800048828125,1012600,0.0,0.0
2021-12-23 00:00:00-05:00,278.9700012207031,279.989990234375,274.7300109863281,278.04998779296875,796300,0.0,0.0
2021-12-27 00:00:00-05:00,278.3599853515625,280.9100036621094,276.3500061035156,279.3500061035156,1055500,0.0,0.0
2021-12-28 00:00:00-05:00,280.7300109863281,280.7300109863281,274.7300109863281,275.79998779296875,859300,0.0,0.0
2021-12-29 00:00:00-05:00,275.3999938964844,276.1199951171875,271.67999267578125,275.75,757400,0.0,0.0
2021-12-30 00:00:00-05:00,277.55999755859375,279.57000732421875,276.29998779296875,276.5,1535400,0.0,0.0
2021-12-31 00:00:00-05:00,275.5199890136719,277.2900085449219,272.79998779296875,273.17999267578125,754300,0.0,0.0
2022-01-03 00:00:00-05:00,271.9599914550781,272.5,261.07000732421875,263.7200012207031,2839500,0.0,0.0
2022-01-04 00:00:00-05:00,263.7200012207031,263.95001220703125,245.02000427246094,253.05999755859375,5095000,0.0,0.0
2022-01-05 00:00:00-05:00,250.47000122070312,257.3800048828125,246.00999450683594,248.25999450683594,2955200,0.0,0.0
2022-01-06 00:00:00-05:00,246.4499969482422,256.5,245.19000244140625,250.6300048828125,2943900,0.0,0.0
2022-01-07 00:00:00-05:00,250.30999755859375,256.489990234375,246.02999877929688,250.24000549316406,1176100,0.0,0.0
2022-01-10 00:00:00-05:00,245.27000427246094,252.3800048828125,241.72000122070312,252.30999755859375,2077400,0.0,0.0
2022-01-11 00:00:00-05:00,250.10000610351562,256.54998779296875,248.3699951171875,255.72000122070312,2406400,0.0,0.0
2022-01-12 00:00:00-05:00,256.9800109863281,261.8900146484375,255.8800048828125,257.9599914550781,1876500,0.0,0.0
2022-01-13 00:00:00-05:00,258.44000244140625,260.6000061035156,248.8699951171875,249.41000366210938,1773000,0.0,0.0
2022-01-14 00:00:00-05:00,249.8300018310547,255.07000732421875,248.10000610351562,254.30999755859375,2200400,0.0,0.0
2022-01-18 00:00:00-05:00,246.7100067138672,252.69000244140625,243.9499969482422,245.86000061035156,2293600,0.0,0.0
2022-01-19 00:00:00-05:00,246.77999877929688,255.1699981689453,246.10000610351562,249.4600067138672,1444800,0.0,0.0
2022-01-20 00:00:00-05:00,255.4199981689453,260.4599914550781,251.25,251.77000427246094,1817300,0.0,0.0
2022-01-21 00:00:00-05:00,251.05999755859375,253.13999938964844,244.38999938964844,245.69000244140625,1953000,0.0,0.0
2022-01-24 00:00:00-05:00,240.86000061035156,248.02999877929688,233.30999755859375,247.6300048828125,2865300,0.0,0.0
2022-01-25 00:00:00-05:00,241.5500030517578,248.0,235.1199951171875,236.11000061035156,2640500,0.0,0.0
2022-01-26 00:00:00-05:00,240.5399932861328,241.38999938964844,223.6199951171875,225.0399932861328,4879500,0.0,0.0
2022-01-27 00:00:00-05:00,229.52999877929688,235.5,225.72999572753906,226.17999267578125,2157500,0.0,0.0
2022-01-28 00:00:00-05:00,226.5500030517578,238.74000549316406,223.52000427246094,238.17999267578125,2441600,0.0,0.0
2022-01-31 00:00:00-05:00,239.4499969482422,253.32000732421875,238.35000610351562,253.00999450683594,3089900,0.0,0.0
2022-02-01 00:00:00-05:00,256.9599914550781,257.0,246.9499969482422,252.74000549316406,1916800,0.0,0.0
2022-02-02 00:00:00-05:00,252.75,252.88999938964844,239.9499969482422,242.85000610351562,3112200,0.0,0.0
2022-02-03 00:00:00-05:00,237.63999938964844,239.32000732421875,231.38999938964844,233.02000427246094,2795300,0.0,0.0
2022-02-04 00:00:00-05:00,234.22000122070312,240.22999572753906,231.8800048828125,236.7899932861328,1738000,0.0,0.0
2022-02-07 00:00:00-05:00,237.5,242.82000732421875,235.66000366210938,236.4499969482422,1551500,0.0,0.0
2022-02-08 00:00:00-05:00,234.50999450683594,239.6999969482422,232.00999450683594,238.50999450683594,1543800,0.0,0.0
2022-02-09 00:00:00-05:00,243.72999572753906,246.33999633789062,240.99000549316406,243.4499969482422,1694400,0.0,0.0
2022-02-10 00:00:00-05:00,237.0399932861328,243.66000366210938,236.10000610351562,239.63999938964844,1385500,0.0,0.0
2022-02-11 00:00:00-05:00,240.63999938964844,243.8699951171875,231.86000061035156,232.77000427246094,1407500,0.0,0.0
2022-02-14 00:00:00-05:00,232.44000244140625,236.1999969482422,230.35000610351562,232.97999572753906,1731800,0.0,0.0
2022-02-15 00:00:00-05:00,237.69000244140625,238.6199951171875,231.35000610351562,235.4600067138672,1828800,0.0,0.0
2022-02-16 00:00:00-05:00,232.17999267578125,235.0,226.0,228.30999755859375,2450200,0.0,0.0
2022-02-17 00:00:00-05:00,226.6300048828125,226.94000244140625,216.5399932861328,216.7100067138672,2740200,0.0,0.0
2022-02-18 00:00:00-05:00,215.77999877929688,218.33999633789062,212.22999572753906,214.47000122070312,2326600,0.0,0.0
2022-02-22 00:00:00-05:00,214.3800048828125,225.69000244140625,213.0,218.08999633789062,3633400,0.0,0.0
2022-02-23 00:00:00-05:00,219.17999267578125,222.0800018310547,212.69000244140625,213.00999450683594,1860400,0.0,0.0
2022-02-24 00:00:00-05:00,206.55999755859375,223.10000610351562,205.89999389648438,222.36000061035156,2630800,0.0,0.0
2022-02-25 00:00:00-05:00,220.24000549316406,225.3800048828125,219.0800018310547,225.22999572753906,2646900,0.0,0.0
2022-02-28 00:00:00-05:00,225.5399932861328,231.72999572753906,223.66000366210938,229.0500030517578,3994400,0.0,0.0
2022-03-01 00:00:00-05:00,245.97999572753906,249.8800048828125,237.72000122070312,240.3300018310547,6644200,0.0,0.0
2022-03-02 00:00:00-05:00,239.24000549316406,249.91000366210938,235.60000610351562,248.38999938964844,4024400,0.0,0.0
2022-03-03 00:00:00-05:00,250.0,250.0,241.77000427246094,245.3699951171875,2213400,0.0,0.0
2022-03-04 00:00:00-05:00,245.74000549316406,248.5,237.63999938964844,240.2100067138672,2640100,0.0,0.0
2022-03-07 00:00:00-05:00,240.83999633789062,242.0500030517578,223.16000366210938,224.41000366210938,4147200,0.0,0.0
2022-03-08 00:00:00-05:00,220.75,226.55999755859375,215.75999450683594,219.89999389648438,3011100,0.0,0.0
2022-03-09 00:00:00-05:00,224.77000427246094,235.42999267578125,223.8300018310547,233.52999877929688,2392000,0.0,0.0
2022-03-10 00:00:00-05:00,228.2899932861328,232.05999755859375,226.6199951171875,228.4499969482422,1479000,0.0,0.0
2022-03-11 00:00:00-05:00,231.3800048828125,232.2899932861328,224.69000244140625,224.91000366210938,1789000,0.0,0.0
2022-03-14 00:00:00-04:00,224.5,229.22000122070312,218.89999389648438,220.91000366210938,1827700,0.0,0.0
2022-03-15 00:00:00-04:00,222.1199951171875,222.85000610351562,217.14999389648438,221.4199981689453,2180400,0.0,0.0
2022-03-16 00:00:00-04:00,223.75,228.25999450683594,219.33999633789062,227.47000122070312,2150400,0.0,0.0
2022-03-17 00:00:00-04:00,227.02999877929688,237.64999389648438,226.02999877929688,235.3000030517578,2327200,0.0,0.0
2022-03-18 00:00:00-04:00,234.38999938964844,245.14999389648438,232.55999755859375,243.60000610351562,2750300,0.0,0.0
2022-03-21 00:00:00-04:00,241.42999267578125,244.72999572753906,239.89999389648438,242.83999633789062,1770700,0.0,0.0
2022-03-22 00:00:00-04:00,242.6199951171875,248.27000427246094,241.0,244.14999389648438,1991800,0.0,0.0
2022-03-23 00:00:00-04:00,241.85000610351562,242.44000244140625,236.2100067138672,236.77999877929688,2922200,0.0,0.0
2022-03-24 00:00:00-04:00,238.25999450683594,241.72999572753906,233.0,241.22999572753906,2572200,0.0,0.0
2022-03-25 00:00:00-04:00,243.57000732421875,244.0,234.8000030517578,238.08999633789062,2354800,0.0,0.0
2022-03-28 00:00:00-04:00,237.3699951171875,246.17999267578125,237.3699951171875,244.22999572753906,2325800,0.0,0.0
2022-03-29 00:00:00-04:00,247.9499969482422,248.9199981689453,245.05999755859375,246.25999450683594,2316900,0.0,0.0
2022-03-30 00:00:00-04:00,245.0,246.39999389648438,240.24000549316406,241.55999755859375,1150500,0.0,0.0
2022-03-31 00:00:00-04:00,242.86000061035156,242.86000061035156,238.39999389648438,239.4600067138672,1727900,0.0,0.0
2022-04-01 00:00:00-04:00,237.35000610351562,242.1699981689453,235.4499969482422,237.92999267578125,2389200,0.0,0.0
2022-04-04 00:00:00-04:00,238.24000549316406,245.8300018310547,237.47999572753906,243.0,1883500,0.0,0.0
2022-04-05 00:00:00-04:00,243.58999633789062,244.1999969482422,237.5,239.72000122070312,2175400,0.0,0.0
2022-04-06 00:00:00-04:00,234.05999755859375,234.5800018310547,228.60000610351562,230.13999938964844,1831400,0.0,0.0
2022-04-07 00:00:00-04:00,228.9600067138672,235.16000366210938,228.9600067138672,233.25,1171700,0.0,0.0
2022-04-08 00:00:00-04:00,232.75999450683594,233.1999969482422,228.24000549316406,228.77000427246094,1271700,0.0,0.0
2022-04-11 00:00:00-04:00,225.02000427246094,229.19000244140625,223.41000366210938,227.2100067138672,1586900,0.0,0.0
2022-04-12 00:00:00-04:00,231.1999969482422,233.83999633789062,225.4499969482422,225.97000122070312,1403500,0.0,0.0
2022-04-13 00:00:00-04:00,225.80999755859375,230.94000244140625,225.35000610351562,228.66000366210938,1178500,0.0,0.0
2022-04-14 00:00:00-04:00,229.0,229.25999450683594,224.00999450683594,224.6699981689453,1401300,0.0,0.0
2022-04-18 00:00:00-04:00,220.99000549316406,222.0,214.57000732421875,219.5,2983600,0.0,0.0
2022-04-19 00:00:00-04:00,219.3300018310547,225.60000610351562,216.55999755859375,224.6199951171875,1851900,0.0,0.0
2022-04-20 00:00:00-04:00,226.74000549316406,226.74000549316406,219.5800018310547,220.13999938964844,1075800,0.0,0.0
2022-04-21 00:00:00-04:00,220.86000061035156,224.2100067138672,210.38999938964844,212.4499969482422,1680700,0.0,0.0
2022-04-22 00:00:00-04:00,212.44000244140625,214.3800048828125,205.5500030517578,206.1300048828125,1696700,0.0,0.0
2022-04-25 00:00:00-04:00,204.42999267578125,210.0,204.27999877929688,209.1300048828125,1364000,0.0,0.0
2022-04-26 00:00:00-04:00,207.75999450683594,208.1999969482422,200.6699981689453,201.89999389648438,2891200,0.0,0.0
2022-04-27 00:00:00-04:00,202.33999633789062,209.4600067138672,202.33999633789062,206.72000122070312,2237000,0.0,0.0
2022-04-28 00:00:00-04:00,210.19000244140625,217.4499969482422,209.32000732421875,215.4600067138672,2192000,0.0,0.0
2022-04-29 00:00:00-04:00,213.27999877929688,217.3000030517578,205.94000244140625,206.6999969482422,2213200,0.0,0.0
2022-05-02 00:00:00-04:00,205.77999877929688,209.3699951171875,203.13999938964844,208.41000366210938,1761800,0.0,0.0
2022-05-03 00:00:00-04:00,207.72999572753906,209.05999755859375,200.0800018310547,201.3000030517578,2852600,0.0,0.0
2022-05-04 00:00:00-04:00,201.9499969482422,208.82000732421875,193.58999633789062,207.75999450683594,2752100,0.0,0.0
2022-05-05 00:00:00-04:00,204.74000549316406,205.3800048828125,193.16000366210938,195.82000732421875,2574300,0.0,0.0
2022-05-06 00:00:00-04:00,193.4199981689453,195.3000030517578,185.55999755859375,189.4600067138672,1999000,0.0,0.0
2022-05-09 00:00:00-04:00,185.16000366210938,185.24000549316406,175.07000732421875,176.2100067138672,6349100,0.0,0.0
2022-05-10 00:00:00-04:00,181.8000030517578,185.52000427246094,176.17999267578125,183.6699981689453,4270900,0.0,0.0
2022-05-11 00:00:00-04:00,179.6199951171875,186.80999755859375,172.4499969482422,173.13999938964844,3500200,0.0,0.0
2022-05-12 00:00:00-04:00,171.7100067138672,178.25999450683594,168.89999389648438,171.9199981689453,3450800,0.0,0.0
2022-05-13 00:00:00-04:00,175.33999633789062,184.07000732421875,174.9499969482422,182.2899932861328,3815400,0.0,0.0
2022-05-16 00:00:00-04:00,179.44000244140625,182.6199951171875,174.63999938964844,176.05999755859375,2165200,0.0,0.0
2022-05-17 00:00:00-04:00,173.5800018310547,176.67999267578125,169.0,173.33999633789062,4586200,0.0,0.0
2022-05-18 00:00:00-04:00,170.99000549316406,172.27999877929688,161.6199951171875,162.9499969482422,4067900,0.0,0.0
2022-05-19 00:00:00-04:00,163.4600067138672,167.44000244140625,161.8300018310547,164.52000427246094,3725700,0.0,0.0
2022-05-20 00:00:00-04:00,168.60000610351562,170.39999389648438,161.0399932861328,165.99000549316406,2793000,0.0,0.0
2022-05-23 00:00:00-04:00,167.0,167.1699981689453,162.6999969482422,165.7899932861328,2649600,0.0,0.0
2022-05-24 00:00:00-04:00,162.97999572753906,164.08999633789062,157.49000549316406,158.77000427246094,4155700,0.0,0.0
2022-05-25 00:00:00-04:00,159.49000549316406,165.9499969482422,158.02999877929688,164.50999450683594,3028400,0.0,0.0
2022-05-26 00:00:00-04:00,164.52999877929688,169.9600067138672,160.67999267578125,168.14999389648438,4929600,0.0,0.0
2022-05-27 00:00:00-04:00,156.3699951171875,159.9600067138672,149.05999755859375,158.7899932861328,13368400,0.0,0.0
2022-05-31 00:00:00-04:00,158.35000610351562,158.69000244140625,153.5,156.3000030517578,6663500,0.0,0.0
2022-06-01 00:00:00-04:00,158.00999450683594,162.27000427246094,155.0,156.55999755859375,4465400,0.0,0.0
2022-06-02 00:00:00-04:00,155.6999969482422,169.89999389648438,155.3699951171875,169.44000244140625,4552700,0.0,0.0
2022-06-03 00:00:00-04:00,166.5500030517578,168.22000122070312,162.0,162.1300048828125,3478400,0.0,0.0
2022-06-06 00:00:00-04:00,165.66000366210938,165.82000732421875,158.80999755859375,158.86000061035156,2116800,0.0,0.0
2022-06-07 00:00:00-04:00,156.36000061035156,160.99000549316406,156.36000061035156,159.25,2179700,0.0,0.0
2022-06-08 00:00:00-04:00,159.25,161.27000427246094,158.57000732421875,160.0399932861328,1560800,0.0,0.0
2022-06-09 00:00:00-04:00,158.5800018310547,159.50999450683594,153.8000030517578,153.8300018310547,1725100,0.0,0.0
2022-06-10 00:00:00-04:00,151.08999633789062,152.0,146.5500030517578,149.27999877929688,3265500,0.0,0.0
2022-06-13 00:00:00-04:00,145.14999389648438,146.9199981689453,140.83999633789062,142.22999572753906,3818700,0.0,0.0
2022-06-14 00:00:00-04:00,144.17999267578125,146.00999450683594,138.72999572753906,139.3800048828125,3559100,0.0,0.0
2022-06-15 00:00:00-04:00,142.80999755859375,145.4199981689453,139.69000244140625,142.80999755859375,4178000,0.0,0.0
2022-06-16 00:00:00-04:00,139.10000610351562,140.75,136.27000427246094,136.86000061035156,2688900,0.0,0.0
2022-06-17 00:00:00-04:00,136.91000366210938,141.9499969482422,136.74000549316406,139.3800048828125,4483800,0.0,0.0
2022-06-21 00:00:00-04:00,141.8300018310547,143.69000244140625,138.44000244140625,138.60000610351562,2535200,0.0,0.0
2022-06-22 00:00:00-04:00,136.5500030517578,139.52999877929688,135.0500030517578,136.58999633789062,6231300,0.0,0.0
2022-06-23 00:00:00-04:00,137.83999633789062,142.61000061035156,134.52999877929688,142.19000244140625,4968700,0.0,0.0
2022-06-24 00:00:00-04:00,145.1300048828125,152.1199951171875,144.50999450683594,152.0500030517578,4718000,0.0,0.0
2022-06-27 00:00:00-04:00,152.2899932861328,153.0800018310547,147.50999450683594,148.0500030517578,4140600,0.0,0.0
2022-06-28 00:00:00-04:00,148.44000244140625,149.92999267578125,143.9600067138672,144.25,3280200,0.0,0.0
2022-06-29 00:00:00-04:00,144.52000427246094,148.0399932861328,143.0500030517578,146.30999755859375,2239700,0.0,0.0
2022-06-30 00:00:00-04:00,143.32000732421875,143.9600067138672,138.0500030517578,139.5800018310547,3419300,0.0,0.0
2022-07-01 00:00:00-04:00,140.30999755859375,143.27999877929688,137.5,142.35000610351562,1677400,0.0,0.0
2022-07-05 00:00:00-04:00,138.5399932861328,146.52000427246094,138.5399932861328,146.3699951171875,2312500,0.0,0.0
2022-07-06 00:00:00-04:00,147.57000732421875,147.57000732421875,143.61000061035156,145.94000244140625,2299100,0.0,0.0
2022-07-07 00:00:00-04:00,145.6999969482422,148.52999877929688,145.5500030517578,147.60000610351562,3103600,0.0,0.0
2022-07-08 00:00:00-04:00,145.0399932861328,148.22999572753906,144.13999938964844,148.00999450683594,1763000,0.0,0.0
2022-07-11 00:00:00-04:00,146.47999572753906,147.27999877929688,144.00999450683594,145.5399932861328,1636200,0.0,0.0
2022-07-12 00:00:00-04:00,144.60000610351562,147.47999572753906,137.4499969482422,137.77999877929688,3910600,0.0,0.0
2022-07-13 00:00:00-04:00,134.27999877929688,140.47999572753906,134.10000610351562,140.0500030517578,2878600,0.0,0.0
2022-07-14 00:00:00-04:00,139.80999755859375,140.67999267578125,137.3800048828125,137.9199981689453,2083400,0.0,0.0
2022-07-15 00:00:00-04:00,138.9499969482422,140.74000549316406,136.0,140.7100067138672,2764100,0.0,0.0
2022-07-18 00:00:00-04:00,142.74000549316406,143.38999938964844,138.61000061035156,138.74000549316406,2246900,0.0,0.0
2022-07-19 00:00:00-04:00,141.4199981689453,143.02999877929688,138.47000122070312,141.83999633789062,2312300,0.0,0.0
2022-07-20 00:00:00-04:00,143.17999267578125,147.6699981689453,142.0,147.3000030517578,2039600,0.0,0.0
2022-07-21 00:00:00-04:00,146.75,149.8300018310547,145.42999267578125,149.77999877929688,1675000,0.0,0.0
2022-07-22 00:00:00-04:00,149.9499969482422,152.3300018310547,145.92999267578125,148.0,1500800,0.0,0.0
2022-07-25 00:00:00-04:00,148.3300018310547,148.3300018310547,144.5500030517578,145.44000244140625,1623700,0.0,0.0
2022-07-26 00:00:00-04:00,145.25999450683594,145.25999450683594,140.42999267578125,140.91000366210938,2242000,0.0,0.0
2022-07-27 00:00:00-04:00,144.9199981689453,150.4600067138672,143.1199951171875,150.10000610351562,2895600,0.0,0.0
2022-07-28 00:00:00-04:00,149.0,153.5,147.47000122070312,152.80999755859375,3186900,0.0,0.0
2022-07-29 00:00:00-04:00,153.5,155.85000610351562,150.44000244140625,155.10000610351562,2664900,0.0,0.0
2022-08-01 00:00:00-04:00,152.97000122070312,156.19000244140625,151.6999969482422,155.5800018310547,1629500,0.0,0.0
2022-08-02 00:00:00-04:00,153.44000244140625,157.61000061035156,153.3800048828125,155.05999755859375,1267000,0.0,0.0
2022-08-03 00:00:00-04:00,157.4199981689453,160.5800018310547,156.0500030517578,160.36000061035156,2434200,0.0,0.0
2022-08-04 00:00:00-04:00,158.9600067138672,162.60000610351562,158.1199951171875,162.5399932861328,1666300,0.0,0.0
2022-08-05 00:00:00-04:00,158.69000244140625,163.25999450683594,158.0,161.7100067138672,1812600,0.0,0.0
2022-08-08 00:00:00-04:00,161.6300048828125,169.22000122070312,161.35000610351562,166.8000030517578,3078400,0.0,0.0
2022-08-09 00:00:00-04:00,164.8800048828125,166.55999755859375,163.27999877929688,166.42999267578125,2111100,0.0,0.0
2022-08-10 00:00:00-04:00,171.67999267578125,173.0500030517578,169.74000549316406,171.3300018310547,2429000,0.0,0.0
2022-08-11 00:00:00-04:00,172.3000030517578,172.72000122070312,165.1300048828125,166.0800018310547,2465700,0.0,0.0
2022-08-12 00:00:00-04:00,169.27000427246094,176.3800048828125,168.69000244140625,176.22999572753906,3728800,0.0,0.0
2022-08-15 00:00:00-04:00,175.47999572753906,179.8300018310547,175.1999969482422,179.5500030517578,2583900,0.0,0.0
2022-08-16 00:00:00-04:00,176.6999969482422,178.77999877929688,175.88999938964844,177.7899932861328,2068100,0.0,0.0
2022-08-17 00:00:00-04:00,175.0,176.9199981689453,173.8000030517578,175.88999938964844,2005800,0.0,0.0
2022-08-18 00:00:00-04:00,175.02000427246094,176.0,172.1300048828125,173.1300048828125,2040000,0.0,0.0
2022-08-19 00:00:00-04:00,169.61000061035156,170.00999450683594,166.02999877929688,168.17999267578125,2222200,0.0,0.0
2022-08-22 00:00:00-04:00,165.94000244140625,165.94000244140625,160.08999633789062,160.85000610351562,2856100,0.0,0.0
2022-08-23 00:00:00-04:00,161.0,161.4199981689453,156.7899932861328,157.66000366210938,3311800,0.0,0.0
2022-08-24 00:00:00-04:00,158.36000061035156,161.77000427246094,157.3699951171875,160.3800048828125,2699100,0.0,0.0
2022-08-25 00:00:00-04:00,156.72000122070312,162.5800018310547,154.11000061035156,162.36000061035156,4339200,0.0,0.0
2022-08-26 00:00:00-04:00,176.0,178.55999755859375,165.52000427246094,166.4600067138672,9891000,0.0,0.0
2022-08-29 00:00:00-04:00,164.13999938964844,169.13999938964844,160.75999450683594,160.88999938964844,4161800,0.0,0.0
2022-08-30 00:00:00-04:00,162.94000244140625,165.27000427246094,160.02999877929688,164.27000427246094,3332300,0.0,0.0
2022-08-31 00:00:00-04:00,166.7100067138672,167.9199981689453,162.89999389648438,164.55999755859375,3452800,0.0,0.0
2022-09-01 00:00:00-04:00,162.4199981689453,163.05999755859375,157.5,161.08999633789062,3612800,0.0,0.0
2022-09-02 00:00:00-04:00,163.10000610351562,164.24000549316406,157.42999267578125,158.5399932861328,2381700,0.0,0.0
2022-09-06 00:00:00-04:00,158.1199951171875,160.05999755859375,155.82000732421875,159.89999389648438,2333400,0.0,0.0
2022-09-07 00:00:00-04:00,159.85000610351562,166.1699981689453,159.49000549316406,165.77000427246094,2537800,0.0,0.0
2022-09-08 00:00:00-04:00,165.05999755859375,169.4499969482422,164.1300048828125,167.5800018310547,2332400,0.0,0.0
2022-09-09 00:00:00-04:00,168.52000427246094,171.2899932861328,168.0,169.9600067138672,2040200,0.0,0.0
2022-09-12 00:00:00-04:00,170.97999572753906,172.97999572753906,169.19000244140625,169.75,2905300,0.0,0.0
2022-09-13 00:00:00-04:00,162.1300048828125,164.08999633789062,159.8300018310547,160.11000061035156,3312000,0.0,0.0
2022-09-14 00:00:00-04:00,161.69000244140625,163.6699981689453,159.10000610351562,160.1300048828125,2426700,0.0,0.0
2022-09-15 00:00:00-04:00,158.57000732421875,160.77999877929688,154.13999938964844,154.3300018310547,3345200,0.0,0.0
2022-09-16 00:00:00-04:00,151.38999938964844,156.49000549316406,149.38999938964844,152.2899932861328,5787800,0.0,0.0
2022-09-19 00:00:00-04:00,151.60000610351562,155.02999877929688,150.8800048828125,155.0,2009800,0.0,0.0
2022-09-20 00:00:00-04:00,152.72000122070312,154.63999938964844,151.5800018310547,152.64999389648438,2370500,0.0,0.0
2022-09-21 00:00:00-04:00,153.41000366210938,157.82000732421875,150.9199981689453,150.97999572753906,2543800,0.0,0.0
2022-09-22 00:00:00-04:00,150.1199951171875,152.2100067138672,148.85000610351562,150.49000549316406,2511600,0.0,0.0
2022-09-23 00:00:00-04:00,149.5,151.3800048828125,146.7899932861328,151.24000549316406,3214900,0.0,0.0
2022-09-26 00:00:00-04:00,151.1999969482422,153.8300018310547,146.9199981689453,146.97000122070312,2269600,0.0,0.0
2022-09-27 00:00:00-04:00,149.5399932861328,150.8300018310547,146.5399932861328,149.17999267578125,2154900,0.0,0.0
2022-09-28 00:00:00-04:00,149.75999450683594,157.6699981689453,149.33999633789062,156.85000610351562,4052600,0.0,0.0
2022-09-29 00:00:00-04:00,155.36000061035156,156.50999450683594,152.1300048828125,156.25999450683594,2391600,0.0,0.0
2022-09-30 00:00:00-04:00,156.30999755859375,158.41000366210938,152.0800018310547,152.22000122070312,1878100,0.0,0.0
2022-10-03 00:00:00-04:00,152.67999267578125,155.7100067138672,151.30999755859375,154.25,1723500,0.0,0.0
2022-10-04 00:00:00-04:00,157.30999755859375,160.25,157.30999755859375,159.0,1748400,0.0,0.0
2022-10-05 00:00:00-04:00,156.50999450683594,160.52000427246094,155.47999572753906,159.4499969482422,1257800,0.0,0.0
2022-10-06 00:00:00-04:00,159.30999755859375,162.44000244140625,158.02999877929688,159.5,1554700,0.0,0.0
2022-10-07 00:00:00-04:00,155.7899932861328,157.19000244140625,151.7100067138672,152.8800048828125,1537700,0.0,0.0
2022-10-10 00:00:00-04:00,153.52999877929688,153.52999877929688,146.6300048828125,147.8300018310547,1029500,0.0,0.0
2022-10-11 00:00:00-04:00,147.0,147.6999969482422,141.5500030517578,142.6999969482422,2096900,0.0,0.0
2022-10-12 00:00:00-04:00,142.35000610351562,144.1999969482422,139.9600067138672,143.92999267578125,2040400,0.0,0.0
2022-10-13 00:00:00-04:00,138.3000030517578,143.57000732421875,135.6300048828125,142.7100067138672,2556400,0.0,0.0
2022-10-14 00:00:00-04:00,145.22000122070312,147.24000549316406,139.38999938964844,139.58999633789062,2141100,0.0,0.0
2022-10-17 00:00:00-04:00,143.1999969482422,149.57000732421875,142.6699981689453,148.94000244140625,3386900,0.0,0.0
2022-10-18 00:00:00-04:00,152.80999755859375,156.6199951171875,151.05999755859375,152.61000061035156,2224900,0.0,0.0
2022-10-19 00:00:00-04:00,150.7899932861328,151.4199981689453,145.5,146.5,1548200,0.0,0.0
2022-10-20 00:00:00-04:00,145.3699951171875,149.42999267578125,144.24000549316406,145.4199981689453,1816900,0.0,0.0
2022-10-21 00:00:00-04:00,144.72999572753906,149.72999572753906,142.6300048828125,149.47999572753906,1431700,0.0,0.0
2022-10-24 00:00:00-04:00,149.4199981689453,149.47999572753906,143.50999450683594,147.9499969482422,1505800,0.0,0.0
2022-10-25 00:00:00-04:00,150.16000366210938,157.0800018310547,149.67999267578125,156.17999267578125,2379900,0.0,0.0
2022-10-26 00:00:00-04:00,152.05999755859375,158.02000427246094,151.85000610351562,154.72999572753906,2753600,0.0,0.0
2022-10-27 00:00:00-04:00,158.3699951171875,162.77000427246094,154.91000366210938,155.24000549316406,2241200,0.0,0.0
2022-10-28 00:00:00-04:00,154.1199951171875,157.97999572753906,152.52999877929688,157.64999389648438,1502600,0.0,0.0
2022-10-31 00:00:00-04:00,157.75,158.64999389648438,155.42999267578125,155.82000732421875,1222000,0.0,0.0
2022-11-01 00:00:00-04:00,158.47999572753906,158.9499969482422,151.52000427246094,151.60000610351562,1430400,0.0,0.0
2022-11-02 00:00:00-04:00,152.2899932861328,152.2899932861328,143.41000366210938,143.50999450683594,2190500,0.0,0.0
2022-11-03 00:00:00-04:00,141.19000244140625,144.27999877929688,139.88999938964844,140.22000122070312,2572400,0.0,0.0
2022-11-04 00:00:00-04:00,140.7100067138672,141.27000427246094,128.72000122070312,132.6300048828125,5266300,0.0,0.0
2022-11-07 00:00:00-05:00,135.4199981689453,137.6300048828125,130.35000610351562,136.52000427246094,3038400,0.0,0.0
2022-11-08 00:00:00-05:00,136.82000732421875,142.6999969482422,134.72000122070312,140.17999267578125,2072200,0.0,0.0
2022-11-09 00:00:00-05:00,140.05999755859375,140.05999755859375,134.13999938964844,134.9499969482422,1913600,0.0,0.0
2022-11-10 00:00:00-05:00,145.0,155.42999267578125,144.82000732421875,153.1300048828125,4396200,0.0,0.0
2022-11-11 00:00:00-05:00,153.1199951171875,159.2899932861328,150.86000061035156,156.9499969482422,2680200,0.0,0.0
2022-11-14 00:00:00-05:00,155.77000427246094,155.94000244140625,151.94000244140625,153.3800048828125,2032700,0.0,0.0
2022-11-15 00:00:00-05:00,159.41000366210938,162.50999450683594,158.36000061035156,160.74000549316406,2803900,0.0,0.0
2022-11-16 00:00:00-05:00,159.4499969482422,159.82000732421875,153.24000549316406,155.38999938964844,1582600,0.0,0.0
2022-11-17 00:00:00-05:00,150.47999572753906,151.57000732421875,147.69000244140625,148.80999755859375,1849300,0.0,0.0
2022-11-18 00:00:00-05:00,152.19000244140625,152.47999572753906,145.3000030517578,146.74000549316406,1650700,0.0,0.0
2022-11-21 00:00:00-05:00,142.0,145.63999938964844,141.72000122070312,143.1999969482422,1808900,0.0,0.0
2022-11-22 00:00:00-05:00,143.52999877929688,146.41000366210938,141.22000122070312,146.2899932861328,1289200,0.0,0.0
2022-11-23 00:00:00-05:00,143.89999389648438,151.85000610351562,143.6999969482422,149.33999633789062,1518700,0.0,0.0
2022-11-25 00:00:00-05:00,147.83999633789062,149.74000549316406,147.39999389648438,148.97999572753906,768300,0.0,0.0
2022-11-28 00:00:00-05:00,148.44000244140625,150.58999633789062,144.6199951171875,145.25,3135100,0.0,0.0
2022-11-29 00:00:00-05:00,145.25,145.82000732421875,142.1300048828125,143.3000030517578,3350800,0.0,0.0
2022-11-30 00:00:00-05:00,157.88999938964844,167.92999267578125,155.5,167.89999389648438,8712600,0.0,0.0
2022-12-01 00:00:00-05:00,165.61000061035156,170.92999267578125,165.0,169.47999572753906,3329400,0.0,0.0
2022-12-02 00:00:00-05:00,166.02999877929688,171.27999877929688,164.41000366210938,170.99000549316406,2552900,0.0,0.0
2022-12-05 00:00:00-05:00,169.99000549316406,170.52000427246094,163.25,164.61000061035156,2480000,0.0,0.0
2022-12-06 00:00:00-05:00,165.32000732421875,165.32000732421875,159.89999389648438,161.36000061035156,2061500,0.0,0.0
2022-12-07 00:00:00-05:00,162.08999633789062,165.27999877929688,161.63999938964844,164.72000122070312,2057300,0.0,0.0
2022-12-08 00:00:00-05:00,165.61000061035156,170.77000427246094,163.7100067138672,169.3300018310547,2222100,0.0,0.0
2022-12-09 00:00:00-05:00,169.1999969482422,172.94000244140625,167.77999877929688,169.60000610351562,1647700,0.0,0.0
2022-12-12 00:00:00-05:00,170.25999450683594,173.3300018310547,169.52999877929688,172.72999572753906,2179100,0.0,0.0
2022-12-13 00:00:00-05:00,182.8000030517578,184.5,175.38999938964844,177.3300018310547,2998600,0.0,0.0
2022-12-14 00:00:00-05:00,176.52999877929688,182.11000061035156,176.33999633789062,179.2899932861328,2945400,0.0,0.0
2022-12-15 00:00:00-05:00,175.75999450683594,178.19000244140625,174.14999389648438,175.4199981689453,2349100,0.0,0.0
2022-12-16 00:00:00-05:00,174.47000122070312,176.25,172.94000244140625,175.22000122070312,2142100,0.0,0.0
2022-12-19 00:00:00-05:00,174.19000244140625,175.39999389648438,168.60000610351562,170.0399932861328,2169000,0.0,0.0
2022-12-20 00:00:00-05:00,169.02999877929688,173.02000427246094,168.14999389648438,172.08999633789062,1751600,0.0,0.0
2022-12-21 00:00:00-05:00,169.86000061035156,172.4199981689453,168.1300048828125,170.0800018310547,2541500,0.0,0.0
2022-12-22 00:00:00-05:00,167.99000549316406,168.52999877929688,161.8300018310547,165.61000061035156,2016800,0.0,0.0
2022-12-23 00:00:00-05:00,164.55999755859375,165.4499969482422,162.2899932861328,164.63999938964844,1130100,0.0,0.0
2022-12-27 00:00:00-05:00,163.64999389648438,164.52000427246094,160.60000610351562,163.39999389648438,745400,0.0,0.0
2022-12-28 00:00:00-05:00,163.33999633789062,165.0,162.5500030517578,162.99000549316406,975400,0.0,0.0
2022-12-29 00:00:00-05:00,163.97999572753906,168.77000427246094,163.25999450683594,167.7899932861328,2339800,0.0,0.0
2022-12-30 00:00:00-05:00,164.27999877929688,167.39999389648438,164.27000427246094,167.3300018310547,1128200,0.0,0.0
2023-01-03 00:00:00-05:00,170.6999969482422,173.8699951171875,167.0399932861328,169.35000610351562,2094000,0.0,0.0
2023-01-04 00:00:00-05:00,171.30999755859375,173.16000366210938,168.99000549316406,171.22000122070312,1660200,0.0,0.0
2023-01-05 00:00:00-05:00,167.52000427246094,167.52000427246094,157.85000610351562,160.19000244140625,3003800,0.0,0.0
2023-01-06 00:00:00-05:00,163.1999969482422,164.72999572753906,157.9600067138672,161.13999938964844,1910300,0.0,0.0
2023-01-09 00:00:00-05:00,162.1999969482422,167.10000610351562,162.1999969482422,162.92999267578125,1727600,0.0,0.0
2023-01-10 00:00:00-05:00,161.08999633789062,163.72000122070312,158.94000244140625,160.2100067138672,1824800,0.0,0.0
2023-01-11 00:00:00-05:00,160.3800048828125,164.41000366210938,159.0,163.9199981689453,1915400,0.0,0.0
2023-01-12 00:00:00-05:00,163.5800018310547,164.5800018310547,158.74000549316406,163.58999633789062,2119400,0.0,0.0
2023-01-13 00:00:00-05:00,163.02000427246094,167.99000549316406,162.61000061035156,167.14999389648438,2042000,0.0,0.0
2023-01-17 00:00:00-05:00,163.49000549316406,168.67999267578125,162.74000549316406,166.69000244140625,2655200,0.0,0.0
2023-01-18 00:00:00-05:00,167.9499969482422,170.1699981689453,164.13999938964844,164.2899932861328,1867900,0.0,0.0
2023-01-19 00:00:00-05:00,163.5,169.0,163.5,167.5399932861328,1994400,0.0,0.0
2023-01-20 00:00:00-05:00,168.6999969482422,174.38999938964844,167.97000122070312,173.39999389648438,2980300,0.0,0.0
2023-01-23 00:00:00-05:00,171.25999450683594,176.5399932861328,171.0800018310547,176.42999267578125,2013300,0.0,0.0
2023-01-24 00:00:00-05:00,175.6999969482422,176.86000061035156,172.27999877929688,172.52999877929688,1460200,0.0,0.0
2023-01-25 00:00:00-05:00,168.52999877929688,174.85000610351562,167.5,174.44000244140625,1198000,0.0,0.0
2023-01-26 00:00:00-05:00,177.27000427246094,179.64999389648438,175.97000122070312,178.8800048828125,1693300,0.0,0.0
2023-01-27 00:00:00-05:00,177.08999633789062,179.74000549316406,176.52999877929688,177.66000366210938,1189800,0.0,0.0
2023-01-30 00:00:00-05:00,175.2100067138672,177.36000061035156,173.2899932861328,176.47999572753906,1674500,0.0,0.0
2023-01-31 00:00:00-05:00,177.6999969482422,181.50999450683594,176.89999389648438,181.42999267578125,1971400,0.0,0.0
2023-02-01 00:00:00-05:00,180.5800018310547,187.19000244140625,177.77999877929688,185.3300018310547,2396500,0.0,0.0
2023-02-02 00:00:00-05:00,189.47999572753906,192.82000732421875,189.14999389648438,190.97999572753906,2662500,0.0,0.0
2023-02-03 00:00:00-05:00,186.3000030517578,189.7100067138672,184.2899932861328,185.85000610351562,2001600,0.0,0.0
2023-02-06 00:00:00-05:00,182.8300018310547,185.63999938964844,181.77000427246094,183.72999572753906,1790100,0.0,0.0
2023-02-07 00:00:00-05:00,184.24000549316406,193.00999450683594,183.38999938964844,191.75,3146800,0.0,0.0
2023-02-08 00:00:00-05:00,191.33999633789062,192.0500030517578,187.42999267578125,188.72999572753906,1776200,0.0,0.0
2023-02-09 00:00:00-05:00,192.22999572753906,193.63999938964844,189.52000427246094,189.77000427246094,2367100,0.0,0.0
2023-02-10 00:00:00-05:00,186.80999755859375,189.42999267578125,184.30999755859375,186.85000610351562,1556300,0.0,0.0
2023-02-13 00:00:00-05:00,187.83999633789062,188.58999633789062,184.83999633789062,188.25,1492000,0.0,0.0
2023-02-14 00:00:00-05:00,187.22999572753906,192.85000610351562,186.16000366210938,189.5399932861328,1001900,0.0,0.0
2023-02-15 00:00:00-05:00,188.94000244140625,191.14999389648438,188.0,190.92999267578125,1303700,0.0,0.0
2023-02-16 00:00:00-05:00,186.1300048828125,190.75999450683594,185.07000732421875,187.75,1309600,0.0,0.0
2023-02-17 00:00:00-05:00,186.6300048828125,186.97999572753906,183.02999877929688,185.8000030517578,1054100,0.0,0.0
2023-02-21 00:00:00-05:00,184.0,184.52000427246094,181.55999755859375,181.9199981689453,1515400,0.0,0.0
2023-02-22 00:00:00-05:00,184.8300018310547,187.35000610351562,183.8699951171875,184.3699951171875,1442600,0.0,0.0
2023-02-23 00:00:00-05:00,186.80999755859375,188.58999633789062,183.4499969482422,187.2100067138672,1643500,0.0,0.0
2023-02-24 00:00:00-05:00,183.99000549316406,185.3300018310547,181.49000549316406,183.1300048828125,2552000,0.0,0.0
2023-02-27 00:00:00-05:00,185.80999755859375,186.8699951171875,182.55999755859375,184.92999267578125,4072600,0.0,0.0
2023-02-28 00:00:00-05:00,182.0,188.77000427246094,181.6999969482422,185.47000122070312,4882900,0.0,0.0
2023-03-01 00:00:00-05:00,185.63999938964844,188.86000061035156,183.67999267578125,184.1199951171875,2652500,0.0,0.0
2023-03-02 00:00:00-05:00,184.2899932861328,188.4600067138672,182.72000122070312,188.1699981689453,2067100,0.0,0.0
2023-03-03 00:00:00-05:00,188.9499969482422,191.72999572753906,188.89999389648438,191.5500030517578,2304200,0.0,0.0
2023-03-06 00:00:00-05:00,191.0,192.6699981689453,188.52999877929688,188.82000732421875,1703800,0.0,0.0
2023-03-07 00:00:00-05:00,189.08999633789062,190.75,185.9499969482422,186.63999938964844,1728700,0.0,0.0
2023-03-08 00:00:00-05:00,187.02999877929688,187.27999877929688,182.86000061035156,183.49000549316406,1969600,0.0,0.0
2023-03-09 00:00:00-05:00,184.17999267578125,186.47999572753906,180.75999450683594,181.47000122070312,1596000,0.0,0.0
2023-03-10 00:00:00-05:00,180.83999633789062,182.00999450683594,176.22000122070312,178.27000427246094,2182400,0.0,0.0
2023-03-13 00:00:00-04:00,176.50999450683594,181.89999389648438,174.05999755859375,181.25,2066200,0.0,0.0
2023-03-14 00:00:00-04:00,183.11000061035156,184.94000244140625,181.27999877929688,183.41000366210938,1697700,0.0,0.0
2023-03-15 00:00:00-04:00,182.2100067138672,184.72000122070312,180.72000122070312,184.36000061035156,1450900,0.0,0.0
2023-03-16 00:00:00-04:00,184.86000061035156,191.99000549316406,184.24000549316406,191.72000122070312,2288000,0.0,0.0
2023-03-17 00:00:00-04:00,191.72000122070312,192.6999969482422,188.10000610351562,188.77000427246094,2719800,0.0,0.0
2023-03-20 00:00:00-04:00,188.75,190.6999969482422,186.72000122070312,190.63999938964844,2279800,0.0,0.0
2023-03-21 00:00:00-04:00,191.64999389648438,192.25,188.39999389648438,190.6999969482422,1912200,0.0,0.0
2023-03-22 00:00:00-04:00,190.25,190.25,184.22000122070312,184.2899932861328,1843100,0.0,0.0
2023-03-23 00:00:00-04:00,187.6999969482422,190.8300018310547,186.83999633789062,188.0399932861328,1542800,0.0,0.0
2023-03-24 00:00:00-04:00,187.1199951171875,191.44000244140625,186.25999450683594,190.42999267578125,1335000,0.0,0.0
2023-03-27 00:00:00-04:00,190.52000427246094,191.16000366210938,185.82000732421875,188.14999389648438,1676800,0.0,0.0
2023-03-28 00:00:00-04:00,188.3000030517578,191.14999389648438,187.6199951171875,189.67999267578125,1651200,0.0,0.0
2023-03-29 00:00:00-04:00,191.7100067138672,198.3300018310547,190.74000549316406,198.25,2983700,0.0,0.0
2023-03-30 00:00:00-04:00,200.0,201.8300018310547,199.08999633789062,200.0500030517578,1840300,0.0,0.0
2023-03-31 00:00:00-04:00,201.0,206.67999267578125,200.22000122070312,206.5399932861328,2578600,0.0,0.0
2023-04-03 00:00:00-04:00,203.2899932861328,204.99000549316406,201.77000427246094,204.3699951171875,1749900,0.0,0.0
2023-04-04 00:00:00-04:00,204.6699981689453,205.97999572753906,202.17999267578125,202.60000610351562,1193500,0.0,0.0
2023-04-05 00:00:00-04:00,200.52999877929688,200.64999389648438,193.9600067138672,197.8699951171875,3367900,0.0,0.0
2023-04-06 00:00:00-04:00,194.9499969482422,197.4499969482422,188.63999938964844,196.80999755859375,2373900,0.0,0.0
2023-04-10 00:00:00-04:00,195.17999267578125,197.35000610351562,194.07000732421875,196.94000244140625,1254200,0.0,0.0
2023-04-11 00:00:00-04:00,195.99000549316406,196.97999572753906,192.63999938964844,195.97999572753906,1495900,0.0,0.0
2023-04-12 00:00:00-04:00,194.9199981689453,195.0,188.27999877929688,191.74000549316406,3435600,0.0,0.0
2023-04-13 00:00:00-04:00,193.3300018310547,195.5800018310547,192.83999633789062,194.85000610351562,1822900,0.0,0.0
2023-04-14 00:00:00-04:00,191.88999938964844,194.94000244140625,191.47999572753906,194.0399932861328,1468600,0.0,0.0
2023-04-17 00:00:00-04:00,194.64999389648438,196.1699981689453,193.2899932861328,195.6199951171875,985300,0.0,0.0
2023-04-18 00:00:00-04:00,198.44000244140625,198.44000244140625,193.42999267578125,193.5399932861328,1153900,0.0,0.0
2023-04-19 00:00:00-04:00,192.0,193.88999938964844,190.91000366210938,192.02999877929688,1374700,0.0,0.0
2023-04-20 00:00:00-04:00,190.22999572753906,192.69000244140625,190.02000427246094,191.0500030517578,1205200,0.0,0.0
2023-04-21 00:00:00-04:00,191.75999450683594,192.08999633789062,190.19000244140625,190.99000549316406,906200,0.0,0.0
2023-04-24 00:00:00-04:00,192.0,192.66000366210938,188.58999633789062,189.08999633789062,1475900,0.0,0.0
2023-04-25 00:00:00-04:00,187.19000244140625,187.19000244140625,182.8300018310547,182.8800048828125,2329100,0.0,0.0
2023-04-26 00:00:00-04:00,185.83999633789062,189.4499969482422,184.1999969482422,187.16000366210938,1570900,0.0,0.0
2023-04-27 00:00:00-04:00,188.4499969482422,188.47999572753906,183.8800048828125,187.1300048828125,1463700,0.0,0.0
2023-04-28 00:00:00-04:00,185.35000610351562,186.94000244140625,182.97999572753906,186.13999938964844,1110400,0.0,0.0
2023-05-01 00:00:00-04:00,185.50999450683594,186.92999267578125,184.7899932861328,186.33999633789062,1074600,0.0,0.0
2023-05-02 00:00:00-04:00,187.88999938964844,187.9199981689453,182.9600067138672,183.1300048828125,1883200,0.0,0.0
2023-05-03 00:00:00-04:00,183.3300018310547,186.5,182.9499969482422,183.32000732421875,1317400,0.0,0.0
2023-05-04 00:00:00-04:00,184.17999267578125,184.82000732421875,181.22000122070312,181.9199981689453,1141800,0.0,0.0
2023-05-05 00:00:00-04:00,182.33999633789062,183.6699981689453,180.2100067138672,181.47999572753906,2650800,0.0,0.0
2023-05-08 00:00:00-04:00,175.72000122070312,180.3699951171875,174.25,179.60000610351562,2891300,0.0,0.0
2023-05-09 00:00:00-04:00,180.35000610351562,181.36000061035156,177.64999389648438,178.42999267578125,1690300,0.0,0.0
2023-05-10 00:00:00-04:00,179.83999633789062,180.86000061035156,177.19000244140625,179.39999389648438,1652600,0.0,0.0
2023-05-11 00:00:00-04:00,179.3800048828125,179.3800048828125,176.13999938964844,178.32000732421875,1838200,0.0,0.0
2023-05-12 00:00:00-04:00,176.27000427246094,183.10000610351562,174.6999969482422,182.75999450683594,2130900,0.0,0.0
2023-05-15 00:00:00-04:00,182.25,186.35000610351562,181.75,185.4600067138672,1414900,0.0,0.0
2023-05-16 00:00:00-04:00,184.0,189.63999938964844,184.0,185.30999755859375,2076600,0.0,0.0
2023-05-17 00:00:00-04:00,185.41000366210938,188.77999877929688,182.58999633789062,188.22000122070312,1626400,0.0,0.0
2023-05-18 00:00:00-04:00,187.0,195.82000732421875,186.83999633789062,195.75,2041300,0.0,0.0
2023-05-19 00:00:00-04:00,196.5399932861328,196.6699981689453,194.22999572753906,195.7100067138672,1351400,0.0,0.0
2023-05-22 00:00:00-04:00,197.02000427246094,199.07000732421875,195.99000549316406,196.41000366210938,1752200,0.0,0.0
2023-05-23 00:00:00-04:00,194.16000366210938,196.4600067138672,192.41000366210938,192.8699951171875,1525400,0.0,0.0
2023-05-24 00:00:00-04:00,192.3000030517578,197.1300048828125,191.0399932861328,196.19000244140625,2241900,0.0,0.0
2023-05-25 00:00:00-04:00,198.64999389648438,198.6699981689453,192.67999267578125,196.41000366210938,5213000,0.0,0.0
2023-05-26 00:00:00-04:00,214.77999877929688,218.8800048828125,211.13999938964844,216.07000732421875,6730400,0.0,0.0
2023-05-30 00:00:00-04:00,217.3699951171875,218.72999572753906,208.9600067138672,209.0800018310547,3549000,0.0,0.0
2023-05-31 00:00:00-04:00,207.82000732421875,213.27000427246094,206.47999572753906,211.99000549316406,5557500,0.0,0.0
2023-06-01 00:00:00-04:00,209.32000732421875,217.14999389648438,208.7100067138672,215.30999755859375,2534100,0.0,0.0
2023-06-02 00:00:00-04:00,215.67999267578125,217.6699981689453,213.36000061035156,213.5,2036000,0.0,0.0
2023-06-05 00:00:00-04:00,212.0,214.10000610351562,210.63999938964844,213.47999572753906,1390300,0.0,0.0
2023-06-06 00:00:00-04:00,213.83999633789062,216.6300048828125,213.22000122070312,215.0,1404400,0.0,0.0
2023-06-07 00:00:00-04:00,213.2100067138672,214.55999755859375,202.7899932861328,203.44000244140625,2971500,0.0,0.0
2023-06-08 00:00:00-04:00,203.13999938964844,208.0,201.4199981689453,204.49000549316406,2512800,0.0,0.0
2023-06-09 00:00:00-04:00,205.0,207.66000366210938,201.75999450683594,204.3800048828125,1884000,0.0,0.0
2023-06-12 00:00:00-04:00,205.5399932861328,209.83999633789062,205.16000366210938,209.64999389648438,1861900,0.0,0.0
2023-06-13 00:00:00-04:00,212.3699951171875,214.57000732421875,211.3000030517578,214.05999755859375,1798000,0.0,0.0
2023-06-14 00:00:00-04:00,213.92999267578125,217.99000549316406,213.35000610351562,217.30999755859375,2030500,0.0,0.0
2023-06-15 00:00:00-04:00,216.1300048828125,224.74000549316406,216.0,224.30999755859375,2551200,0.0,0.0
2023-06-16 00:00:00-04:00,225.33999633789062,226.05999755859375,220.0800018310547,222.39999389648438,3312300,0.0,0.0
2023-06-20 00:00:00-04:00,220.38999938964844,224.0399932861328,219.19000244140625,223.74000549316406,1784500,0.0,0.0
2023-06-21 00:00:00-04:00,225.16000366210938,225.58999633789062,218.25,219.8300018310547,1837900,0.0,0.0
2023-06-22 00:00:00-04:00,217.89999389648438,221.1999969482422,217.13999938964844,221.0,1342800,0.0,0.0
2023-06-23 00:00:00-04:00,218.61000061035156,222.47999572753906,218.0,222.25,2800100,0.0,0.0
2023-06-26 00:00:00-04:00,221.10000610351562,224.1300048828125,219.08999633789062,219.94000244140625,2289600,0.0,0.0
2023-06-27 00:00:00-04:00,220.52000427246094,225.3300018310547,220.52000427246094,224.22000122070312,1381000,0.0,0.0
2023-06-28 00:00:00-04:00,227.3300018310547,229.58999633789062,222.57000732421875,222.9600067138672,2117400,0.0,0.0
2023-06-29 00:00:00-04:00,223.74000549316406,228.0,221.02000427246094,227.1199951171875,2445800,0.0,0.0
2023-06-30 00:00:00-04:00,229.33999633789062,230.6199951171875,225.6999969482422,225.88999938964844,1773300,0.0,0.0
2023-07-03 00:00:00-04:00,225.5800018310547,226.3800048828125,223.47000122070312,224.58999633789062,783100,0.0,0.0
2023-07-05 00:00:00-04:00,220.97999572753906,222.92999267578125,220.0,222.60000610351562,1689600,0.0,0.0
2023-07-06 00:00:00-04:00,217.89999389648438,220.2899932861328,216.7899932861328,219.3000030517578,1394700,0.0,0.0
2023-07-07 00:00:00-04:00,218.6300048828125,221.0399932861328,217.3699951171875,218.72999572753906,1526800,0.0,0.0
2023-07-10 00:00:00-04:00,218.0,225.22999572753906,217.91000366210938,222.39999389648438,1589400,0.0,0.0
2023-07-11 00:00:00-04:00,222.27000427246094,223.66000366210938,219.0399932861328,221.7100067138672,1596900,0.0,0.0
2023-07-12 00:00:00-04:00,223.8699951171875,224.02999877929688,218.3300018310547,219.0800018310547,2496600,0.0,0.0
2023-07-13 00:00:00-04:00,220.8300018310547,221.39999389648438,218.9499969482422,219.77999877929688,2289300,0.0,0.0
2023-07-14 00:00:00-04:00,219.22999572753906,224.16000366210938,219.19000244140625,223.91000366210938,1648800,0.0,0.0
